name,qid,prom,elev,lat,lon
Mount Humboldt,Q1547446,11845.0,1618.0,-21.88388889,166.42027778
Mount Blackburn,Q1520855,11590.0,16390.0,61.731908333,-143.439297222
Nocis volcano,Q124982733,9022.0,,,
Mount Everest,Q513,8848.86,8848.86,27.988055555,86.925
San Gorgonio Mountain,Q3364408,8294.0,11503.0,34.0992,-116.825
Charleston Peak,Q978970,8241.0,11916.0,36.271597222,-115.695569444
Mount Pavlof,Q687491,8225.0,2519.0,55.419444444,-161.895
Mount Veniaminof,Q1139596,8199.0,2507.0,56.198055555,-159.390833333
Mount Adams,Q267646,8116.0,3743.4,46.202411111,-121.490894444
Mount Isto,Q8529786,7876.0,8976.0,69.2024,-143.802
Mount Iliamna,Q1950549,7866.0,3053.0,60.031727777,-153.091166666
Mount Olympus,Q522586,7838.0,2432.0,47.801305555,-123.710833333
Mount Hood,Q275662,7706.0,11237.0,45.373611111,-121.695833333
Glacier Peak,Q1529000,7498.0,3213.0,48.111944444,-121.114166666
Mount Kimball (Alaska),Q8523184,7424.0,3139.0,63.2386,-144.644
Abercrombie Mountain,Q4666831,7308.0,,48.9283,-117.46
Mount Griggs,Q826942,7300.0,2334.0,58.353888888,-155.091666666
Gannett Peak,Q1493617,7076.0,4207.0,43.184202777,-109.654233333
Cloud Peak,Q5135676,7067.0,13167.0,44.382138888,-107.173913888
Mount Vsevidof,Q1950800,7051.0,2149.0,53.13,-168.693
Mount Hesperus,Q1950510,6978.0,2996.0,61.8039,-154.145
Aconcagua,Q39739,6962.0,6962.0,-32.653055555,-70.011666666
Mount Chiginagak,Q851232,6675.0,2134.0,57.133611111,-156.991388888
Grand Teton,Q2078034,6530.0,4199.0,43.741194444,-110.802416666
Sacajawea Peak,Q7396563,6377.0,9838.0,45.245,-117.2925
King's Peak,Q1642538,6348.0,4123.0,40.776388888,-110.372777777
Mount Neacola,Q6922357,6326.0,9426.0,60.7986,-153.394
Mount San Antonio,Q128657,6224.0,3069.0,34.2889,-117.647
Kichatna Spire,Q14680093,6185.0,7684.0,62.4231,-152.723
Mount Peale,Q6922678,6161.0,12717.0,38.438333333,-109.229166666
,Q130018,6155.0,6190.0,63.069102777,-151.006261111
Mount Washington,Q572801,6148.0,1917.0,44.270827777,-71.303483333
Humphreys Peak,Q1239004,6039.0,12622.0,35.346341666,-111.677947222
Hanagita Peak,Q49034763,6004.0,,61.0683,-143.7089
Borah Peak,Q893312,5982.0,3857.0,44.1373891,-113.78110123
Mount Kilimanjaro,Q7296,5895.0,5895.0,-3.066666666,37.359166666
Uhuru Peak,Q20727403,5885.0,5895.0,-3.07613,37.3535
Mount Jefferson,Q3321885,5861.0,11946.0,38.752,-116.927
Mount Ellen,Q8525257,5842.0,3507.0,38.10971,-110.81377
Isanotski Peaks,Q955807,5831.0,8106.0,54.7686,-163.729
Deseret Peak,Q1200569,5812.0,3362.0,40.459513888,-112.626322222
Mount Jefferson,Q772492,5777.0,3199.0,44.6743006,-121.799573611
Pilot Peak,Q7194444,5726.0,3266.0,41.0211,-114.077
Crazy Peak,Q3382297,5719.0,11214.0,46.018,-110.276833333
Devils Paw,Q5267436,5686.0,8584.0,58.730833333,-133.839722222
Puu Kukui,Q7262536,5668.0,5788.0,20.8906,-156.586
McDonald Peak,Q6800916,5640.0,9820.0,47.3828,-113.919
South Sister,Q32999754,5593.0,10363.0,44.103888888,-121.769722222
Mount Russell,Q6923367,5550.0,3557.0,62.7989,-151.882
Mount Steller,Q6923851,5515.0,10715.0,60.5203,-143.091
Pico Cristóbal Colón,Q578862,5509.0,5775.0,10.838333333,-73.686666666
Mount Nebo,Q8519552,5488.0,11933.0,39.8214,-111.76
Snowshoe Peak,Q8529328,5418.0,8738.0,48.223055555,-115.689444444
North Schell Peak,Q3344163,5403.0,11883.0,39.41325,-114.599694444
Hayford Peak,Q8537860,5392.0,9924.0,36.6577,-115.201
Diamond Peak,Q5270889,5377.0,12202.0,44.1417,-113.083
Flat Top Mountain,Q39074681,5370.0,10613.0,40.3725,-112.189166666
Mount Stuart,Q1493735,5354.0,2869.0,47.4753,-120.901
Mount Carlisle,Q1810012,5283.0,1620.0,52.8939,-170.054
Bashful Peak,Q4866805,5275.0,8005.0,61.3075,-148.869722222
Mount Cleveland,Q3321762,5252.0,10479.0,48.9244858,-113.848042
Mount Logan,Q120306,5250.0,5959.0,60.567222222,-140.405277777
Ibapah Peak,Q39046201,5247.0,12018.0,39.8282734,-113.9197191
Kawaikini,Q1269419,5243.0,1598.0,22.0675,-159.49277778
Lassen Peak,Q859354,5229.0,3189.0,40.488055555,-121.505
Arc Dome,Q860433,5213.0,11780.0,38.832663888,-117.353036111
Mount Miller,Q6922187,5200.0,2743.0,60.4605,-142.301
Gareloi Volcano,Q1139121,5161.0,1573.0,51.786666666,-178.803055555
Mount Lemmon,Q59805,5157.0,9171.0,32.443130555,-110.788430555
Mount Eddy,Q4529821,5153.0,9037.0,41.32,-122.479166666
Mount Deborah,Q3819422,5139.0,12339.0,63.6375,-147.237
Chiricahua Peak,Q5101895,5139.0,9773.0,31.845888888,-109.291277777
Korovin Volcano,Q2603516,5030.0,5030.0,52.381666666,-174.165833333
Kamakou,Q6355310,4961.0,4961.0,21.1064,-156.868
Citlaltepetl,Q238147,4922.0,5636.0,19.03,-97.27
Mount Marcy,Q1858227,4914.0,1629.0,44.112733333,-73.923727777
Mount Moriah,Q6922267,4907.0,12072.0,39.2732,-114.199
Vinson Massif,Q163758,4892.0,4892.0,-78.525555555,-85.617222222
Mount Vinson,Q17189941,4892.0,4892.0,-78.5252778,-85.6172222
Puncak Jaya,Q1045888,4884.0,4884.0,-4.083333333,137.183333333
Quinn Peak,Q19461263,4863.0,9099.0,41.3033,-118.416
Hole in the Mountain Peak,Q5880013,4849.0,11311.0,40.950755555,-115.12255
Mount Tobin,Q22060831,4831.0,9778.0,40.376944444,-117.525833333
Mount Linn,Q6921851,4814.0,8098.0,40.0368,-122.855
Hyndman Peak,Q8536234,4809.0,12009.0,43.7494,-114.131
Ruby Dome,Q7376306,4793.0,3471.0,40.621872222,-115.475055555
Mount Spickard,Q6923778,4779.0,2737.0,48.9697,-121.241
Granite Peak,Q599777,4759.0,3904.0,45.163416666,-109.807444444
Mount Elbrus,Q43105,4741.0,5642.0,43.35254,42.437875
Mount Baldy,Q6919585,4723.0,11409.0,33.9061,-109.563
Mont Blanc,Q583,4692.0,4805.59,45.832777777,6.865
Delano Peak,Q1183873,4689.0,3710.0,38.369166666,-112.371388888
Matterhorn,Q14514922,4678.0,10843.0,41.8107,-115.374
Damavand,Q40758,4667.0,5628.0,35.955277777,52.109166666
Mount Aylesworth,Q22414631,4659.0,9285.0,59.92472222,-138.79611111
Double Peak,Q85757485,4610.0,6735.0,60.7295951,-152.5857568
Nanga Parbat,Q130736,4608.0,8126.0,35.239166666,74.59
Mica Mountain,Q48773762,4608.0,8668.0,32.22,-110.54333333
Mount Wrightson,Q287008,4578.0,2881.0,31.69612,-110.8481
Currant Mountain,Q5194968,4575.0,11518.0,38.909744444,-115.424605555
Grapevine Peak,Q19253863,4562.0,2663.0,36.9653,-117.15
Abajo Peak,Q129698,4550.0,3465.0,37.839530555,-109.462438888
Swasey Mountain,Q7653975,4509.0,9673.0,39.3882,-113.316
Kuwohi,Q685166,4503.0,2025.0,35.562777777,-83.498611111
Iceworm Peak,Q49038241,4500.0,,59.6085616,-150.7946035
Emory Peak,Q3724770,4485.0,2385.0,29.2459,-103.3051
Signal Peak,Q7512692,4485.0,10369.0,37.3197,-113.492
Rock Creek Butte,Q39050071,4466.0,9088.0,44.816666666,-118.103611111
Cache Peak,Q5015961,4459.0,10339.0,42.1856,-113.661
Mount McLoughlin,Q1772545,4455.0,2894.0,42.444472222,-122.315611111
Junipero Serra Peak,Q8519545,4447.0,5857.0,36.145605555,-121.419008333
Hualapai Peak,Q39046442,4439.0,8417.0,35.075,-113.90078
Mount Allen,Q49051837,4412.0,9512.0,62.245,-142.2356
Mount Shuksan,Q1788022,4411.0,2782.0,48.8316,-121.603
Kintla Peak,Q8521869,4401.0,,48.9439,-114.171
Granite Peak,Q18345880,4397.0,9736.0,41.6681,-117.589
Cerro de Punta,Q2714342,4390.0,1338.0,18.1725,-66.591944444
Mount Stimson,Q6923878,4382.0,3091.0,48.5144,-113.61
Steens Mountain,Q2335876,4373.0,2956.0,42.636419444,-118.576716666
Mount Augusta,Q19865039,4366.0,,39.5405,-117.9193
Eagle Peak,Q5325191,4352.0,9897.0,41.2834,-120.201
Mount Gannett,Q18151373,4300.0,9649.0,61.2422,-148.193
Katahdin,Q1858056,4288.0,1606.0,45.904355555,-68.921275
Chicoma Mountain,Q5096463,4281.0,11561.0,36.007336111,-106.384552777
Clark Mountain,Q2975652,4232.0,7933.0,35.5256,-115.589
Navajo Mountain,Q767372,4226.0,3166.0,37.034169444,-110.868888888
Jack Mountain,Q3157278,4211.0,9075.0,48.7728,-120.956
Mauna Kea,Q131230,4207.3,4207.3,19.820555555,-155.468055555
McAfee Peak,Q14705212,4158.0,10442.0,41.52157,-115.9737
Jengish Chokusu,Q332762,4148.0,7439.0,42.034662,80.128713
Duffer Peak,Q14705086,4139.0,9432.0,41.6618,-118.73
Bogda Peak,Q1037396,4122.0,5448.0,43.801572,88.33497
Chimborazo,Q14081,4122.0,6263.47,-1.469166666,-78.8175
Mount Deception,Q531490,4108.0,7788.0,47.8132415,-123.2333627
Namcha Barwa,Q1050238,4106.0,7782.0,29.630555555,95.055277777
Mount Chamberlin,Q3321738,4101.0,2749.0,69.2775,-144.911
Mount Kinabalu,Q60967,4095.0,4095.0,6.075,116.558611111
Piper Peak,Q20714889,4083.0,9451.0,37.704288,-117.908942
Black Pine Mountains High Point,Q4921466,4069.0,9389.0,42.1387,-113.126
Hilgard Peak,Q5761811,4063.0,11316.0,44.916388888,-111.460555555
Francs Peak,Q940908,4056.0,13158.0,43.961344444,-109.330705555
Flat Top Mountain,Q5457814,4054.0,12361.0,40.0147,-107.083
Ute Mountain,Q6436954,4039.0,9984.0,37.284166666,-108.778611111
Mount Rainier,Q194057,4030.0,4389.0,46.851666666,-121.760277777
Waianae Range,Q7959898,4025.0,4025.0,21.51,-158.15
Mount Wilson,Q6924620,4024.0,4344.0,37.8392,-107.991
K2,Q43512,4020.0,8611.0,35.881111111,76.513333333
Castle Peak,Q5050221,4015.0,11815.0,44.0396,-114.585
Mormon Peak,Q20714828,4014.0,7414.0,36.974166666,-114.500277777
Truchas Peak,Q7847152,4001.0,13108.0,35.962777777,-105.645277777
Ras Dashen,Q275435,3997.0,4533.0,13.236666666,38.3725
North Gardner Mountain,Q3344122,3996.0,8956.0,48.5154,-120.502
Toro Peak,Q7826170,3996.0,8717.0,33.5234,-116.426
Tin Mountain,Q48774810,3993.0,8953.0,36.8865356,-117.4560605
Volcán Tajumulco,Q818467,3980.0,4203.0,15.033333333,-91.9
Pico Bolívar,Q213704,3957.0,4978.0,8.540861111,-71.0465
Yushan Main Peak,Q500275,3952.0,3952.0,23.47,120.957266666
Mount Fairweather,Q1544340,3951.0,4671.0,58.906497222,-137.526580555
Hozomeen Mountain,Q3141668,3932.0,8071.0,48.9822,-121.012
Margherita Peak,Q1895254,3924.0,5109.0,0.3867,29.8725
Waucoba Mountain,Q24191793,3923.0,11128.0,37.02203054,-118.00776429
Kanchenjunga,Q82019,3922.0,8586.0,27.703003055,88.147353055
Mount Dall,Q8537913,3920.0,8399.0,62.5792,-152.294
Mount Church (Alaska),Q14680140,3920.0,7621.0,62.8792,-150.683
Thompson Peak,Q7795763,3914.0,9001.0,41.0005,-123.048
Terich Mir,Q207132,3908.0,7708.0,36.245833333,71.843888888
Mount Cameroon,Q190562,3901.0,4095.0,4.216666666,9.1725
Sloan Peak,Q3486736,3875.0,7835.0,48.0413767,-121.3402434
Mount Hay,Q49052946,3838.0,8881.0,59.2461,-137.6076
Batian,Q810817,3825.0,5199.0,-0.15166667,37.305
Mount Kenya,Q172070,3825.0,5199.0,-0.1,37.2
Double Mountain,Q1938063,3821.0,7993.0,35.0333,-118.487
Goode Mountain,Q3110709,3808.0,2806.0,48.4829,-120.911
Mount Kerinci,Q827728,3805.0,3805.0,-1.696944,101.264444
South Baldy,Q7566229,3803.0,10789.0,33.991,-107.188
Mount Erebus,Q188982,3794.0,3794.0,-77.533333333,167.283333333
Mount Liamuiga,Q1269774,3792.0,1156.0,17.366666666,-62.8
White Chuck Mountain,Q49089213,3789.0,6989.0,48.2096,-121.4176
Greenhorn Mountain,Q5604143,3777.0,12352.0,37.881388888,-105.013333333
Kengamine Peak,Q11397889,3776.0,3776.0,35.360676111,138.72734
Jbel Toubkal,Q503433,3756.0,4167.0,31.061944444,-7.916111111
Mount Bassie,Q6919633,3755.0,4301.0,57.0564,-135.044
Brian Head,Q4964000,3747.0,11312.0,37.681111111,-112.831388888
Bull Mountain,Q4996586,3734.0,9938.0,41.9117,-113.365
Cerro Chirripó,Q252362,3727.0,3820.0,9.484083333,-83.488666666
Rinjani,Q847323,3726.0,3726.0,-8.416666666,116.466666666
Aoraki / Mount Cook,Q5059,3724.0,3724.0,-43.595,170.141944444
Teide,Q38954,3715.0,3715.0,28.272638888,-16.643611111
Bonanza Peak,Q2909908,3711.0,9516.0,48.2378,-120.866
Finisterre Range,Q59585,3709.0,4150.0,-5.8,146.1
Mount Gladstone,Q12096032,3709.0,4150.0,-5.953888888,146.375277777
Pyramid Peak,Q49065791,3703.0,,36.39162,-116.61199
Organ Needle,Q7101760,3700.0,,32.345094444,-106.561386111
Monte San Valentin,Q2092228,3696.0,4058.0,-46.595,-73.345833333
Big Hatchet Peak,Q4905804,3696.0,8359.0,31.635655555,-108.398652777
Gunnbjørn Fjeld,Q825709,3694.0,3694.0,68.9195,-29.898533333
Ojos del Salado,Q233836,3688.0,6893.0,-27.109722222,-68.541388888
West Spanish Peak,Q7986563,3686.0,13631.0,37.375555555,-104.993055555
Mount Barnard,Q22415356,3678.0,8173.0,59.1014409,-136.9699819
Semeru,Q270158,3676.0,3676.0,-8.1,112.916666666
Gilbert Peak,Q3105821,3664.0,8184.0,46.4883,-121.407
Ward Mountain,Q7969053,3656.0,10941.0,39.1002,-114.921
Ritacuba Blanco,Q2648857,3645.0,5410.0,6.494166666,-72.2975
Mount Gongga,Q1537157,3642.0,7556.0,29.595833333,101.879166666
Virginia Peak,Q22060860,3642.0,,39.755664,-119.461258
Rainbow Peak,Q7284682,3636.0,9891.0,48.8792,-114.097
Mount Mansfield,Q573840,3633.0,1339.69,44.543611111,-72.814166666
Mount Tipton,Q6924123,3628.0,7153.0,35.538869444,-114.192747222
Mount Ararat,Q72303,3611.0,5137.0,39.701944444,44.298333333
Salinas Peak,Q8524176,3605.0,8967.0,33.298055555,-106.531944444
Diamond Peak,Q18210087,3594.0,10631.0,39.585277777,-115.818611111
Dry Mountain,Q49025953,3594.0,8678.0,36.90882,-117.59785
Kongur Tagh,Q646398,3585.0,7649.0,38.593888888,75.313333333
Trapper Peak,Q7835655,3570.0,10157.0,45.8899,-114.298
Mount Turnbull,Q23657231,3562.0,2527.0,33.07395,-110.26092
Big Baldy Mountain,Q4904991,3557.0,9181.0,46.9685,-110.606
Desatoya Peak,Q5263639,3545.0,9977.0,39.3652,-117.759
Mount Gunnison,Q14684984,3539.0,12725.0,38.8122,-107.382
Wyoming Peak,Q23950320,3538.0,11383.0,42.604377,-110.6243465
Whitewater Baldy,Q7996324,3535.0,10899.0,33.323611111,-108.641111111
Mount Hayes,Q913898,3501.0,4216.0,63.6208,-146.715
San Benito Mountain,Q7413409,3481.0,5267.0,36.3696,-120.645
Buntu Rantemario,Q1568730,3478.0,3478.0,-3.385,120.024166666
Mount Siegel,Q22060830,3477.0,9456.0,38.889564,-119.502187
Mount Seguam,Q901554,3458.0,3458.0,52.315,-172.51
Box Elder Peak,Q49015176,3452.0,,41.635833333,-112.014444444
Mount Saint Elias,Q770496,3448.0,5489.0,60.292222222,-140.931388888
Gearhart Mountain,Q39050234,3430.0,8041.0,42.496,-120.8783
Trask Mountain,Q7835757,3424.0,3426.0,45.371236111,-123.455772222
Notch Peak,Q7062532,3414.0,9658.0,39.143055555,-113.409722222
Wheeler Peak,Q1505965,3409.0,4011.0,36.5569,-105.417
Mount Jackson,Q6921473,3406.0,10052.0,48.6006,-113.722
Ismoil Somoni Peak,Q41413,3402.0,7495.0,38.942732,72.015347
Electric Peak,Q1027558,3389.0,3341.0,45.005277777,-110.8375
Black Peak,Q46619363,3386.0,,60.8530307,-152.4238685
Mount Jefferson,Q6921487,3363.0,10216.0,44.562,-111.505
Dhaulagiri,Q165440,3357.0,8167.0,28.696666666,83.49
Marys Peak,Q6781682,3357.0,4101.0,44.504355555,-123.552455555
Mercedario,Q906336,3356.0,6800.0,-31.978888888,-70.112777777
Belukha Mountain,Q724367,3343.0,4506.0,51.266666666,116.833333333
Mount Thielsen,Q1481220,3342.0,2799.0,43.152837292,-122.066514283
Mount Hillers,Q18156650,3337.0,10741.0,37.8874,-110.697
Mount Lafayette,Q8520336,3320.0,5249.0,44.160705555,-71.644361111
Monte San Lorenzo,Q3089010,3319.0,3706.0,-47.591666666,-72.306666666
Killington Peak,Q4220539,3315.0,,43.604444444,-72.82
Mount Karisimbi,Q737859,3312.0,4507.0,-1.5,29.45
Laramie Peak,Q1805864,3312.0,3132.0,42.267777777,-105.441944444
Jabal an Nabi Shu'ayb,Q1261935,3311.0,3666.0,15.279166666,43.975833333
Funeral Peak,Q49030788,3304.0,,36.10301,-116.62365
Slide Mountain,Q7540328,3300.0,,41.9987,-74.38626
Four Peaks,Q5475419,3297.0,7659.0,33.684036111,-111.325333333
Elk Mountain,Q5364056,3296.0,11162.0,41.6332,-106.526
Mulhacén,Q209528,3290.0,3479.0,37.053333333,-3.311388888
Mount Waddington,Q1737059,3289.0,4019.0,51.373611,-125.263333
Mountain Slamet,Q580131,3284.0,3432.0,-7.239,109.22
Sabalan,Q1364168,3283.0,4811.0,38.266944444,47.836944444
Mount Marcus Baker,Q829432,3269.0,4016.0,61.4378,-147.751
Tanada Peak,Q49081278,3258.0,9358.0,62.3018,-143.505563888
Mount Grafton,Q6920960,3257.0,10997.0,38.692188888,-114.742405555
Smoky Dome,Q7546138,3255.0,10095.0,43.4932,-114.936
Sauyr Zhotasy,Q3950946,3252.0,3840.0,47.049166666,85.566666666
Cerro del Bolsón,Q5065016,3252.0,5552.0,-27.214166666,-66.094166666
Gandhamardhan hills,Q5520650,3250.0,3250.0,20.87388889,82.84277778
Desolation Peak,Q3024539,3249.0,6102.0,48.9112,-121.016
Tomort,Q7820308,3243.0,4886.0,43.073333333,94.346666666
Mount Silverthrone,Q8039585,3240.0,4029.0,63.1158,-150.676
Manzano Peak,Q6753454,3238.0,10098.0,34.590894444,-106.446686111
Newberry Volcano,Q3002222,3214.0,2434.0,43.689195264,-121.25488985
Mount Wilson,Q22058701,3205.0,5446.0,35.99658541,-114.61187301
Mount Brown,Q49052139,3203.0,6958.0,48.873888888,-111.139166666
Jade Dragon Snow Mountain,Q1465660,3202.0,5596.0,27.098333333,100.175
Mount Edgecumbe,Q288383,3201.0,3201.0,57.05,-135.75
Ryan Peak,Q7384412,3194.0,11714.0,43.9024,-114.41
Sugarloaf Mountain,Q3503069,3180.0,4237.0,45.0314,-70.3131
Yamsay Mountain,Q3322190,3176.0,2498.0,42.930597222,-121.360747222
Mount Meru,Q309098,3170.0,4562.13,-3.246780555,36.76025
Shiveluch,Q48877,3168.0,3283.0,56.653633333,161.362966666
Mount Shouplina,Q49054569,3160.0,8531.0,61.34,-146.4889
Naomi Peak,Q6964676,3159.0,9983.0,41.911422222,-111.675341666
Mount Tenabo,Q6924073,3153.0,9157.0,40.162977777,-116.584805555
Freel Peak,Q8526079,3146.0,10886.0,38.8575,-119.9
Roof Butte,Q7366129,3140.0,9787.0,36.461408333,-109.096319444
Nanda Devi,Q213262,3139.0,7816.0,30.373888888,79.970833333
West Blue Mountain,Q7984490,3136.0,10340.0,33.6648,-107.445
Mount Ashland,Q1950357,3132.0,2296.0,42.080555555,-122.717222222
Ladron Peak,Q6469827,3130.0,2807.0,34.4348,-107.0852
Ichinsky,Q1675325,3125.0,3621.0,55.6786,157.718
Batura Sar,Q811064,3118.0,7795.0,36.51,74.5225
Lawu Mountain,Q3219949,3118.0,3265.0,,
Mount Siple,Q678102,3110.0,3110.0,-73.433333333,-126.666666666
Whiteface Mountain,Q3434515,3110.0,4867.0,44.3658,-73.9028
Mount Diablo,Q13359059,3109.0,1160.0,37.881697781,-121.914154997
Mount Siyeh,Q8523839,3106.0,10014.0,48.7292,-113.65
Luna Peak,Q6703581,3105.0,8311.0,48.8306,-121.273
Diamond Peak,Q3026098,3104.0,8748.0,43.5207,-122.15
North Mamm Peak,Q14685036,3103.0,11129.0,39.3889,-107.866
Pico Duarte,Q783742,3101.0,3101.0,19.033055555,-71.005277777
West Elk Peak,Q14685165,3095.0,13042.0,38.7181,-107.199
Manaslu,Q170070,3092.0,8163.0,28.55,84.559722222
Aspen Butte,Q728411,3088.0,2504.0,42.315491666,-122.087566666
Olancha Peak,Q7083082,3083.0,12132.0,36.2653,-118.118
Snowbank Mountain,Q18681606,3080.0,8320.0,44.440277777,-116.126388888
Lituya Mountain,Q6653395,3074.0,11924.0,58.8056,-137.438
Mount Whitney,Q235539,3073.0,4421.0,36.578611111,-118.291944444
Piton des Neiges,Q1545452,3070.0,3070.0,-21.098888888,55.478888888
Gunung Raung,Q2033748,3069.0,3260.0,-8.125,114.041666666
Xuelian Feng,Q8045232,3068.0,6627.0,42.261666666,80.89
Heavens Peak,Q5694932,3067.0,8987.0,48.7089,-113.856
Haleakalā,Q515719,3055.0,3055.0,20.718,-156.25
Mount Lucania,Q1153188,3053.0,5240.0,61.023333333,-140.465555555
Equinox Mountain,Q5384538,3040.0,1163.0,43.1703542,-73.1112166
Buckner Mountain,Q727246,3034.0,9114.0,48.4951,-120.998
Rogers Peak,Q7359326,3034.0,3706.0,45.664555555,-123.548452777
Pueblo Mountain,Q7258454,3032.0,8639.0,42.1,-118.649722222
Mount Agung,Q158470,3031.0,3142.0,-8.341944444,115.507777777
Mount Nesselrode,Q6922392,3031.0,8117.0,58.962222222,-134.313611111
Guadalupe Peak,Q32793,3029.0,2667.0,31.891461111,-104.860711111
Gunung Binaiya,Q863497,3027.0,3027.0,-3.173333333,129.455
Popocatépetl,Q181157,3020.0,5454.0,19.023386,-98.623434
Mount Phillips,Q6922734,3014.0,9494.0,48.4778,-113.525
Potosi Mountain,Q7235114,3012.0,8504.0,35.965555555,-115.501666666
Pico Basilé,Q1518286,3011.0,3011.0,3.583333333,8.766666666
Richland Balsam,Q7330610,3010.0,6410.0,35.367588888,-82.990336111
Mount Scott,Q1507158,3009.0,2722.0,42.923611111,-122.014722222
,Q31445509,3000.0,,,
Koryaksky,Q839630,2999.0,3456.0,53.316666666,158.683333333
Gangkhar Puensum,Q219986,2995.0,7570.0,28.046944444,90.455
Logan Peak,Q6667130,2995.0,9708.0,41.7134,-111.7169
Mount Index,Q6921414,2991.0,5991.0,47.7743124,-121.5803688
Mount Stephenson,Q6923858,2987.0,2987.0,-69.816666666,-69.716666666
Annapurna I,Q16466024,2984.0,8091.0,28.5958,83.82
Talgar peak,Q608494,2982.0,4978.9,43.11833333,77.34083333
North Franklin Mountain,Q7055443,2982.0,7192.0,31.902780555,-106.493330555
Mount Shasta,Q748355,2977.0,4322.0,41.409197222,-122.194888888
Mount Wilhelm,Q277441,2969.0,4509.0,-5.7799986,145.0295844
Tatamailau,Q1539961,2963.0,2963.0,-8.906666666,125.493333333
Doubletop Peak,Q5300165,2960.0,11720.0,43.34855,-110.28685
Mount Apo,Q455963,2954.0,2954.0,6.9875,125.270833333
Jay Peak,Q3163249,2952.0,,44.9242,-72.5256
Spanish Fork Peak,Q49076201,2952.0,,40.088333333,-111.527777777
Gyala Peri,Q1322521,2942.0,7294.0,29.814166666,94.968333333
Gunung Leuser,Q1909348,2941.0,3119.0,3.7975,97.219166666
Mount Union,Q6924259,2939.0,7988.0,34.415,-112.404
Mount Paget,Q1573762,2934.0,2934.0,-54.440833333,-36.555277777
Emi Koussi,Q257441,2934.0,3445.0,19.789444444,18.551111111
Chakragil,Q2947750,2934.0,6760.0,38.865833333,75.108333333
Venado Peak,Q7919536,2934.0,12739.0,36.791694444,-105.493338888
Mount Moosilauke,Q3321961,2932.0,4802.0,44.024511111,-71.830916666
Monarch Mountain,Q3861756,2930.0,3555.0,51.899444444,-125.875833333
King Peak,Q18153994,2928.0,4091.0,40.1568,-124.124
Mount Suckling,Q8525325,2925.0,3676.0,-9.669166666,149.010833333
Mount Pulag,Q948670,2922.0,2922.0,16.583572222,120.883591666
Black Elk Peak,Q1585737,2922.0,2208.0,43.871666666,-103.531666666
Mount Ellsworth,Q49052589,2915.0,,37.746111111,-110.62
Mount Root,Q6923271,2913.0,12887.0,58.985555555,-137.500277777
El Mela,Q5351579,2907.0,4150.0,-28.8675,-67.1275
Snowfield Peak,Q14713898,2907.0,8351.0,48.6353,-121.138
Mount Merritt,Q8525705,2904.0,10009.0,48.8703,-113.786
Jabal Al-Majaz,Q24266868,2902.0,2902.0,18.00638889,43.22277778
Mount Taftan,Q524954,2901.0,3941.0,28.6,61.133333333
Mount Phillips,Q6922736,2901.0,11742.0,36.4766,-105.159
Boulder Mountain,Q895049,2900.0,,38.1589,-111.501
Shishapangma,Q105124,2897.0,8027.0,28.352222222,85.779722222
Mount Huntington,Q6921370,2890.0,12241.0,62.9672,-150.899
Pico da Neblina,Q739484,2886.0,2994.0,0.805494444,-66.005358333
Apache Peak,Q22058621,2886.0,7714.0,31.824642,-110.429614
Mount Saramati,Q8536271,2885.0,3826.0,25.74,95.0375
Spirit Mountain,Q7577896,2879.0,5642.0,35.275,-114.723
Maromokotro,Q1147144,2876.0,2876.0,-14.022777777,48.965833333
Mount Lodge,Q22442469,2871.0,10548.0,59.106666666,-137.542222222
Mount Shishaldin,Q682455,2869.0,2857.0,54.75,-163.966666666
Shingle Peak,Q20858312,2863.0,9827.0,38.508333333,-114.927777777
Mount Wood,Q6924651,2860.0,12660.0,45.2753,-109.813
Moncong Lompobatang,Q6898536,2857.0,2874.0,-5.346679072,119.931666529
Palomar Mountain,Q7128608,2856.0,6142.0,33.363483333,-116.836394444
Cuyamaca Peak,Q5197090,2855.0,1986.0,32.9467,-116.606
Lenin Peak,Q838587,2853.0,7134.0,39.343677,72.877897
Hesperus Mountain,Q5746077,2852.0,13237.0,37.445,-108.089
Buni Zom,Q3695741,2845.0,6542.0,36.154166666,72.3275
Diamond Peak,Q14684442,2845.0,9665.0,40.9503,-108.878
Mount Bigelow,Q6919728,2845.0,4145.0,45.1473,-70.2892
Apple Orchard Mountain,Q4781207,2835.0,4224.0,37.5169,-79.5103
Kuh-e Bandaka,Q6442008,2834.0,6843.0,36.179166666,70.983333333
Dix Mountain,Q5284763,2830.0,4840.0,44.0822,-73.7864
Mount Robson,Q1161258,2829.0,3954.0,53.110555555,-119.156666666
Pico do Fogo,Q499108,2829.0,2829.0,14.949269444,-24.340369444
Laurel Mountain,Q8536937,2829.0,3592.0,44.9235,-123.573
Treasure Mountain,Q7836717,2828.0,13535.0,39.0244,-107.123
Kamet,Q1141272,2825.0,7756.0,30.92,79.593333333
Mount Mather,Q14680156,2823.0,12057.0,63.19472,-150.43556
Mount Gahinga,Q932175,2821.0,3474.0,-1.3873,29.6435
Carter Dome,Q4216195,2821.0,4832.0,44.266944444,-71.178888888
Dorset Mountain,Q5298860,2820.0,3766.0,43.309241666,-73.028161111
Standing Indian Mountain,Q7598497,2819.0,5499.0,35.035555555,-83.538055555
Jebel Shams,Q1261915,2818.0,3018.0,23.2373882,57.2637937
Rakaposhi,Q933778,2818.0,7788.0,36.1425,74.489166666
Arjuno-Welirang,Q665399,2812.0,3339.0,-7.765,112.589722222
Aneto,Q208081,2811.0,3404.0,42.630991666,0.656686111
Mount Fernow,Q3321825,2811.0,9249.0,48.1619,-120.808
Mount Sibbald,Q30506597,2811.0,2811.0,-43.552,170.555
Jiuding Shan,Q6203384,2808.0,4969.0,31.54333333,103.85333333
Mount Pugh,Q8522082,2801.0,7201.0,48.1431,-121.374
Mount Baden-Powell,Q6136577,2799.0,9407.0,34.3584,-117.765
Mount Ruapehu,Q207284,2797.0,2797.0,-39.281666666,175.568611111
American Border Peak,Q3498546,2794.0,7998.0,48.995277777,-121.665277777
Bunker Hill,Q18379373,2793.0,11477.0,39.2529,-117.126
Mount Cereme,Q507179,2792.0,3078.0,-6.891944444,108.4
Mount Ingalls,Q6921417,2792.0,8376.0,39.994,-120.627
Gurla Mandhata,Q1555230,2788.0,7694.0,30.438333333,81.299166666
Mount Prindle,Q6923053,2786.0,5286.0,65.460811111,-146.475638888
Spruce Knob,Q1815535,2781.0,1482.0,38.6999,-79.5328
Mount La Perouse,Q49053342,2778.0,10728.0,58.562927777,-137.082575
The Guardhouse,Q7738427,2777.0,9336.0,48.9158,-114.017
Huascarán,Q200935,2776.0,6768.0,-9.116666666,-77.6
Mount Arfak,Q7160827,2775.0,2955.0,-1.156388888,133.979722222
Mount Redoubt,Q840735,2773.0,3108.0,60.485277777,-152.743055555
Clark Peak,Q5127348,2771.0,3947.0,40.6068,-105.93
Cerro General Belgrano,Q833222,2767.0,6250.0,-29.0146,-67.8264
Granite Peak,Q49032877,2767.0,,40.128055555,-113.271388888
Tupungato Volcano,Q756244,2765.0,6635.0,-33.358555555,-69.770416666
Mount Elbert,Q657225,2765.0,4401.0,39.117777777,-106.445277777
Palmer Archipelago,Q304679,2761.0,,-64.25,-62.833333333
Mount Francais,Q3321837,2760.0,2760.0,-64.633333333,-63.45
Puncak Mandala,Q1512836,2758.0,4760.0,-4.708611111,140.289166666
Mountain Argopuro,Q2860906,2745.0,3088.0,-7.9645,113.5665
Mawson Peak,Q2114101,2745.0,2745.0,-53.104166666,73.516944444
Longfellow Peak,Q6673793,2744.0,8904.0,48.7456,-113.939
Bald Mountain,Q19460353,2744.0,9549.0,38.5344,-119.115
Kūh-e Hezār,Q5687603,2741.0,4500.0,29.5125,57.270833
Mount Victoria,Q2666968,2738.0,4038.0,-8.8925,147.533333333
Kronotsky,Q862760,2736.0,3482.0,54.75,160.516666666
Muztagh Ata,Q630579,2735.0,7546.0,38.278333333,75.115833333
Oval Peak,Q20712293,2731.0,,48.287176,-120.425141
Old Speck Mountain,Q7085015,2730.0,4170.0,44.571166666,-70.953666666
Mount Sir Wilfrid Laurier,Q3862022,2728.0,3516.0,52.8014,-119.731
Marcellina Mountain,Q14684943,2728.0,11353.0,38.93,-107.244
Chimney Rock,Q5099405,2727.0,7727.0,47.5089985,-121.2858293
Tambora,Q168714,2722.0,2850.0,-8.245277777,117.992777777
Mount Balbi,Q1298202,2715.0,2715.0,-5.916666666,154.9825
Cerro El Manchao,Q21842113,2714.0,4575.0,-28.2564,-66.0386
Fuyul Sojol,Q25018639,2713.0,3030.0,0.5783,120.2044
Mount Sir Sandford,Q3862020,2707.0,3519.0,51.656666666,-117.8675
Monte Cinto,Q1415428,2706.0,2706.0,42.379722222,8.945833333
Mount Davidson,Q6920372,2704.0,7868.0,39.3082,-119.663
Nevado de Colima,Q427921,2700.0,4339.0,19.5636,-103.608
Mount Kapalatmada,Q6921586,2700.0,2700.0,-3.255833333,126.124166666
Pik Karla Marxa,Q1670220,2693.0,6723.0,37.1625,72.481666666
Mount Vancouver,Q302483,2692.0,4812.0,60.334494444,-139.692363888
Mount Baker,Q594387,2686.0,3286.0,48.7773426,-121.8132008
The Brothers,Q7720362,2682.0,6842.0,47.6537193,-123.140575
Baldy Mountain,Q4850647,2681.0,12445.0,36.63,-105.213
Parkview Mountain,Q7138769,2676.0,12301.0,40.3303,-106.136
Pik Dankova,Q20625014,2675.0,5982.0,41.059438055,77.684178055
Badger Mountain,Q20712131,2674.0,4262.0,47.4417,-120.0578
Smiley Mountain,Q29045247,2668.0,11427.0,43.699722222,-113.810555555
Fan Mountain,Q20714608,2667.0,10312.0,45.298055555,-111.524166666
Porter Peak,Q14705259,2662.0,9272.0,41.6807,-116.1373
Mica Peak (Idaho),Q8527618,2661.0,5241.0,47.6222,-116.988
Avalanche Spire,Q8536879,2655.0,10105.0,62.8064,-151.153
Castle Mountain,Q28056261,2652.0,12617.0,45.098888888,-109.630555555
Peak la Selle,Q1971319,2650.0,2674.0,18.366666666,-71.983333333
Nevado del Huila,Q648551,2650.0,5364.0,2.933333333,-76.033333333
Tronador,Q422835,2642.0,3491.0,-41.160833333,-71.8875
Mount Torbert,Q1666850,2641.0,3434.0,61.4089,-152.414
Pico da Bandeira,Q589546,2641.0,2891.32,-20.435151,-41.7963
Gu Achi Peak,Q5613108,2636.0,4558.0,32.347777777,-111.876111111
Mount Morgan,Q6922255,2628.0,13754.0,37.4053,-118.733
Lanín,Q389121,2624.0,3776.0,-39.637178,-71.50305748
Barbeau Peak,Q807788,2616.0,2616.0,81.914722222,-75.009166666
Mount Minto,Q1950606,2616.0,4165.0,-71.78666333,168.75
Mount Washington,Q6924500,2615.0,1912.0,47.5311964,-123.2459807
Hot Springs Mountain,Q5910462,2613.0,6536.0,33.3152,-116.58
Birds Eye Peak,Q123592526,2608.0,4970.0,61.077222222,-149.3925
Mount Moran,Q1546616,2605.0,3842.0,43.835277777,-110.776388888
Dena,Q3143042,2604.0,4409.0,30.951666666,51.4375
White Cap Mountain,Q7994516,2604.0,3654.0,45.5547,-69.2463
Mount Kirkpatrick,Q1929197,2601.0,4528.0,-84.333333333,166.416666666
Baekdu Mountain,Q107635,2593.0,2744.0,40.94,126.83
Mount Halcon,Q1570683,2586.0,2582.0,13.25,120.98333333
Telaquana Mountain,Q49081762,2585.0,,60.8075,-153.7619
Pyramid Peak,Q7263270,2583.0,9985.0,38.845,-120.158
Crested Butte,Q5184573,2582.0,12168.0,38.883333333,-106.943611111
Mount Gabb,Q23950187,2581.0,13747.0,37.376666666,-118.8025
Mount Tagubud,Q25051756,2580.0,2670.0,7.441667,126.23
Maiden Peak,Q8524503,2578.0,7823.0,43.6268,-121.965
Mountain Sumbing,Q1677690,2577.0,3371.0,-7.385,110.0725
Mount Becharof,Q49052042,2575.0,3146.0,57.5447,-156.0803
Cerro Tamaná,Q2946774,2573.0,4100.0,5.03333,-76.1833
Mount Siguniang,Q832362,2571.0,6250.0,31.10635,102.90198
Mount Humphreys,Q3198850,2563.0,13992.0,37.270547222,-118.672997222
Koyo Zom,Q335211,2562.0,6872.0,36.730833333,73.240555555
Mount Washington,Q3322182,2554.0,2376.0,44.3321,-121.839
Wind River Peak,Q8023948,2552.0,13197.0,42.708333333,-109.128333333
Graham Peak,Q14684531,2551.0,12536.0,37.4972,-107.376
Mount Verstovia,Q6924423,2550.0,2550.0,57.0589,-135.265
Drake Peak,Q31493993,2547.0,,10.50068,119.6236
Illimani,Q148521,2541.0,6438.0,-16.633333333,-67.790833333
Salcantay,Q730030,2540.0,6271.0,-13.333611111,-72.544444444
San Jacinto Peak,Q7414344,2536.0,3302.0,33.8147,-116.679
Mount Vineuo,Q8536221,2536.0,2536.0,-9.33416667,150.20583333
Altun Shan,Q28541951,2528.0,5830.0,39.25,93.7
McKnight Mountain,Q8523984,2525.0,10165.0,33.052016666,-107.850313888
Pidurutalagala,Q1146327,2524.0,2524.0,7.000833333,80.773888888
Rattlesnake Mountain,Q7296017,2520.0,,47.458333333,-121.806111111
Mount Parry,Q6922667,2520.0,2520.0,-64.25549333,-62.40698
Mount Sidley,Q924312,2517.0,4181.0,-77.04,-126.1
Big Creek Peak,Q4905502,2517.0,11350.0,44.47159,-113.54392
Deriba Caldera,Q2520348,2512.0,3042.0,12.951388888,24.258888888
Distaghil Sar,Q782496,2509.0,7885.0,36.325833333,75.188333333
Preston Peak,Q7241966,2509.0,7313.0,41.835063888,-123.611938888
Mount Giluwe,Q1813475,2507.0,4367.0,-6.038888888,143.886111111
Bacon Peak,Q4839936,2505.0,,48.6627,-121.521
Mount Tullu Demtu,Q3502707,2504.0,4389.0,6.8265,39.8194
Long Knife Peak,Q8533552,2501.0,,48.9972,-114.208
Peters Dome,Q14680189,2500.0,10571.0,63.1369,-151.202
Coburn Mountain,Q5139033,2497.0,3717.0,45.4688,-70.1267
Snow Mountain East,Q7548285,2496.0,7055.0,39.3835,-122.752
Mount Dickey,Q6920440,2495.0,9545.0,62.9461,-150.721
East Beckwith Mountain,Q14684455,2492.0,12441.0,38.8461,-107.223
Mount Oku,Q3322001,2491.0,3011.0,6.199722222,10.518888888
Uludoruk,Q1434038,2483.0,4135.0,37.485662,44.004525
Anamudi,Q485550,2480.0,2236.0,10.166666666,77.066666666
Semenov-Tyan-Shanskiy peak,Q5584346,2480.0,4622.0,45.04166667,80.2575
Kendrick Peak,Q6389037,2478.0,10425.0,35.408055555,-111.850833333
Western Summit of Corno Grande,Q137737577,2477.0,2912.0,42.4692994,13.565502
Mount Aspiring / Tititea,Q1210275,2475.0,3033.0,-44.384,168.728
Musala,Q209341,2473.0,2925.4,42.179167,23.585278
Mount Putnam,Q6923096,2470.0,3642.0,44.4183,-72.6383
Mount Marriott,Q22546474,2470.0,8937.0,50.45388889,-122.51
Mount McDonald,Q6922097,2470.0,2700.0,-72.5,166.6
Jiaozi Snow Mountain,Q16241859,2470.0,4223.0,26.08555556,102.86444444
Monte Shipton,Q6022495,2469.0,2469.0,-54.6592,-69.5983
Mount Greylock,Q1587225,2464.0,1064.0,42.6375,-73.166666666
Skihist Mountain,Q7535139,2463.0,2968.0,50.187777777,-121.903333333
Chair Mountain,Q14684375,2461.0,12727.0,39.1581,-107.282
Mount Elgon,Q732838,2458.0,4321.0,1.1185,34.5265
Masherbrum,Q854295,2457.0,7821.0,35.6425,76.310833333
Mount Hubbard,Q612894,2457.0,4557.0,60.319166666,-139.071388888
Mount Ida,Q83659,2456.0,2456.0,35.226388888,24.770713888
Mount Tamalpais,Q785665,2456.0,784.0,37.9291,-122.578
Cerro Tristeza,Q5064992,2456.0,2596.0,10.08416667,-63.95833333
Mount Saint Nicholas,Q6519953,2456.0,9381.0,48.3916,-113.55
Whetstone Mountain,Q14685188,2456.0,12527.0,38.8222,-106.98
Pico Naiguatá,Q7191016,2455.0,2765.0,10.54333333,-66.7825
Mount Bazardüzü,Q725591,2454.0,4466.0,41.23429,47.83674
Redondo Peak,Q7306186,2454.0,11258.0,35.871963888,-106.560577777
Bison Peak,Q4918375,2451.0,12432.0,39.2381,-105.498
Dempo,Q1186618,2450.0,3173.0,-4.03,103.13
Mount Rogers,Q688645,2449.0,1825.0,36.659841666,-81.544558333
Miller Mountain,Q16895181,2449.0,8736.0,38.065555555,-118.191666666
Burnt Peak,Q5000221,2448.0,5791.0,34.6825,-118.577
Saddleback Mountain,Q7397755,2448.0,4121.0,44.9367,-70.5031
South River Peak,Q14685104,2448.0,13154.0,37.5739,-106.982
Mayon Volcano,Q1484,2447.0,2462.0,13.256666666,123.685
Grandfather Mountain,Q833467,2444.0,1818.0,36.111111111,-81.811388888
Bairiga,Q4848635,2444.0,6882.0,29.16583333,96.72416667
Kuh-e Chuk Shakh,Q21760642,2444.0,4430.0,36.77833333,71.45166667
"Peak Pobeda, Sakha",Q745231,2443.0,3003.0,65.177266666,146.008644444
Mount Dulang-dulang,Q1264707,2440.0,2938.0,8.115277777,124.920833333
Annapurna II,Q449534,2437.0,7937.0,28.53495,84.12219
Galdhøpiggen,Q203942,2436.0,2468.854,61.633333333,8.3
Black Butte,Q4920454,2436.0,7455.0,39.7267,-122.872
Mount Magazine,Q515059,2435.0,839.0,35.167222222,-93.645
Mountain Merbabu,Q598893,2432.0,3142.0,-7.455,110.44
Mount Guero,Q14684981,2432.0,12058.0,38.7197,-107.386
Thompson Peak,Q7795764,2431.0,10751.0,44.141666666,-115.01
Mount Ratz,Q6923153,2430.0,3090.0,57.3931,-132.303
Grossglockner,Q3388,2428.0,3798.0,47.074528,12.69385
Nevado Sajama,Q272593,2428.0,6542.0,-18.108055555,-68.883055555
Roque de los Muchachos,Q956785,2423.0,2426.0,28.754166666,-17.884722222
Elliott Knob,Q5365681,2423.0,4463.0,38.1664,-79.3144
Mount Erciyes,Q126804,2419.0,3916.0,38.531666666,35.45
Mount Dana,Q1862168,2417.0,13061.0,37.8999,-119.221
Stratton Mountain,Q7622272,2410.0,,43.0862,-72.9252
Antora Peak,Q14684295,2409.0,13275.0,38.325,-106.218
Mount Odin,Q6922480,2409.0,2971.0,50.551666666,-118.129166666
Mount Constitution,Q6920229,2407.0,734.0,48.67756,-122.83111
Bushnell Peak,Q14684345,2405.0,,38.3414,-105.889
Profitis Ilias,Q21874612,2405.0,2405.0,36.9527567,22.350325
Nun-Kun Massif,Q120285,2404.0,7135.0,33.98,76.021666666
Nun,Q1537198,2404.0,7135.0,33.98,76.02166667
Cotopaxi volcano,Q181476,2404.0,5897.0,-0.680555555,-78.437777777
Mount Catherine,Q1140642,2404.0,2637.0,28.510833333,33.955277777
Independence Peak,Q2387852,2402.0,6940.0,38.511111111,72.354166666
Kūh-e Zendeh,Q812681,2400.0,3490.0,28.075833333,60.011111111
Zenobia Peak,Q14685202,2395.0,9022.0,40.6069,-108.87
Qurnat as Sawda',Q311330,2393.0,3088.0,34.3,36.116666666
Dhaulagiri II,Q1207614,2391.0,7751.0,28.76299,83.38795
Thabana Ntlenyana,Q733132,2390.0,3482.0,-29.466666666,29.266666666
Otemanu,Q1945409,2385.0,727.0,-16.5,-151.73333
Mount Columbia,Q1858093,2383.0,3747.0,52.1475,-117.440555555
East Spanish Peak,Q5329410,2383.0,12688.0,37.393627777,-104.919719444
Big Southern Butte,Q4906398,2380.0,7550.0,43.4014,-113.024
Makalu,Q169986,2378.0,8485.0,27.889166666,87.088611111
Mount Kazbek,Q207680,2373.0,5033.0,42.696944444,44.518888888
Escudilla Mountain,Q5397433,2372.0,10916.0,33.91672,-109.11063
Trinity Mountain,Q18681224,2371.0,9451.0,43.598888888,-115.428888888
Poco Likang,Q1236222,2370.0,2370.0,-8.65,120.45
Mount Cook,Q1144570,2365.0,4196.0,60.1819444,-139.9808333
,Q28724780,2365.0,,-7.238525,109.890884
Yangra,Q1660406,2359.0,7422.0,28.391666666,85.127222222
Mount Olympus,Q80344,2355.0,2917.727,40.083333333,22.35
Mount Queen Bess,Q3861891,2355.0,3298.0,51.2717,-124.568
Jargalant Hayrhan,Q27702350,2353.0,3796.0,47.666666666,92.5
Mount Pico,Q928681,2351.0,2351.0,38.468611111,-28.399166666
Gerlachovský štít,Q81213,2349.0,2655.0,49.164166666,20.133888888
Sleepy Cat Peak,Q14685093,2348.0,10853.0,40.1275,-107.534
Thousand Lake Mountain,Q7797053,2346.0,,38.416963888,-111.479211111
Traveler Mountain,Q7835984,2346.0,3540.0,46.0728,-68.8448
Cho Oyu,Q170089,2344.0,8188.0,28.094166666,86.660833333
Llullaillaco,Q214916,2344.0,6723.0,-24.719722222,-68.536666666
Hüiten Peak,Q1091113,2342.0,4374.0,49.145833333,87.819166666
Tavan Bogd,Q143008,2342.0,4082.0,49.145833333,87.819166666
Atlasov Island,Q757314,2339.0,2339.0,50.859722222,155.559444444
Alaid,Q1866016,2339.0,2285.0,50.858888888,155.557222222
Mount Konocti,Q3321907,2339.0,4305.0,38.9746,-122.766
Mount Roraima,Q4777,2338.0,2810.0,5.141944444,-60.764166666
Twilight Peak,Q7857997,2338.0,13163.0,37.663055555,-107.726944444
Crane Mountain,Q22072663,2336.0,8451.0,42.06281835,-120.24083202
Mount Popomanaseu,Q760819,2335.0,2335.0,-9.70374,160.060713
Ulawun,Q74158,2334.0,2334.0,-5.05,151.333333333
Gora Kurumdy,Q5584351,2334.0,6614.0,39.455933,73.566734
Mount Shaw,Q6923587,2330.0,2990.0,43.743938888,-71.274111111
Snow Mountain,Q7548279,2329.0,3960.0,45.2915,-70.7093
Mount Sanford,Q1638692,2328.0,4949.0,62.213888888,-144.128888888
Mount Tahat,Q822326,2328.0,2908.0,23.288888888,5.533611111
Mount Lister,Q3861688,2325.0,4025.0,-78.066666666,162.683333333
Tomichi Dome,Q7818878,2325.0,11471.0,38.485,-106.529
Mount Washburn,Q1431845,2323.0,3122.0,44.7975,-110.433333333
Saddle Mountain,Q7397701,2323.0,3288.0,45.9691,-123.685
Sat Peak,Q25379640,2323.0,5921.0,39.236235,71.910928888
Mulanje Massif,Q1510436,2319.0,3002.0,-15.9,35.65
Mount Dubois,Q23950192,2319.0,13565.0,37.78333333,-118.34305556
Larch Mountain,Q6488761,2316.0,2664.0,46.98732,-123.13765
Mount Gaudry,Q6920868,2315.0,2315.0,-67.5333,-68.6167
Mount Tom White,Q46913071,2314.0,3411.0,60.651797222,-143.697225
Gunsight Mountain (Montana),Q8531062,2312.0,9258.0,48.6192,-113.753
Farallones de Cali,Q8538001,2309.0,4050.0,3.34,-76.695833333
Taranaki Maunga,Q850051,2308.0,2518.0,-39.296388888,174.064722222
Hotaka Mountains,Q656026,2307.0,3190.0,36.28916667,137.64805556
Crater Peak,Q5182631,2307.0,11333.0,39.0397,-107.663
Wheeler Peak,Q2566649,2305.0,3982.0,38.9861,-114.313
Saser Kangri,Q2102394,2304.0,7672.0,34.833333333,77.733333333
Rincon Peak,Q49068579,2302.0,8482.0,32.12063,-110.52313
Mount Harrison,Q6921068,2298.0,9265.0,42.314722222,-113.658888888
Twin Sisters Peaks,Q7858300,2298.0,11433.0,40.288888888,-105.518333333
Sinktanneyak Mountain,Q49074106,2297.0,4675.0,68.3367,-158.4736
Bill Williams Mountain,Q24192701,2296.0,9259.0,35.20013256,-112.20521298
Mount Sikaram,Q3631196,2295.0,4755.0,34.038333333,69.9025
Quail Mountain,Q7268499,2293.0,1772.0,34.0072,-116.241
Mount Malindang,Q262298,2290.0,2402.0,8.2175,123.636666666
Cerro Marahuaca,Q286476,2289.0,2832.0,3.66,-65.40666667
Mount Ulysses,Q3548164,2289.0,3024.0,57.346388888,-124.092777777
Haramosh Peak,Q944184,2286.0,7406.0,35.841388888,74.897777777
Mount Silverheels,Q8526460,2283.0,13829.0,39.339166666,-106.005277777
Black Mountain,Q4921337,2280.0,,43.6065,-73.531
Finsteraarhorn,Q15127,2278.0,4274.0,46.5373553,8.1260907
Vulture Peak,Q7943595,2278.0,9638.0,48.8372,-114.024
Beerenberg,Q814113,2277.0,2277.0,71.079666666,-8.155880555
Olallie Butte,Q7083059,2275.0,7219.0,44.821694444,-121.763944444
Lone Cone (Colorado),Q14684908,2273.0,12618.0,37.8881,-108.256
Kaçkar Dağı,Q1641126,2272.0,3932.0,40.83547,41.16131
Melimoyu,Q3108968,2272.0,2440.0,-44.075833333,-72.86
Mount Shir (Yazd Province),Q7498197,2271.0,4055.0,31.603888888,54.066111111
Mount Ascutney,Q2260149,2270.0,,43.444516666,-72.453702777
Eagle Peak,Q5325193,2266.0,9801.0,33.6769,-108.577
Wildspitze,Q679277,2261.0,3768.0,46.885277777,10.867222222
Kibby Mountain,Q8524387,2260.0,3654.0,45.4187,-70.5443
Otgontenger,Q1572208,2259.0,4008.0,47.636708333,97.502288888
Pik Chimtarga,Q4120737,2259.0,5489.0,39.197777777,68.195
Dansketinden,Q11498303,2257.0,2842.0,72.125,-24.955
Doddabetta,Q336749,2256.0,2637.0,11.402416666,76.736722222
Blue Mountain Peak,Q885798,2256.0,2256.0,18.046666666,-76.579166666
Bear Mountain,Q4876502,2251.0,6415.0,41.7962,-123.672
Mount Rossel,Q6923304,2250.0,2250.0,-72.6,31.0333
Wedge Mountain,Q7230315,2249.0,2895.0,50.133055555,-122.793333333
Tanks Peak,Q14685116,2247.0,8726.0,40.4258,-108.766
Mount Zwischen,Q14685012,2246.0,,37.7911,-105.455
Mount Hope,Q6921286,2242.0,3239.0,-69.759722222,-64.555277777
Mont Orohena,Q512465,2241.0,2241.0,-17.623055555,-149.476944444
Younts Peak,Q8528647,2241.0,12156.0,43.982222222,-109.866666666
Nevado de Toluca,Q673994,2240.0,4680.0,19.108761,-99.755608
Kinsman Mountain,Q6414295,2240.0,4358.0,44.123,-71.7367
Snake Mountain (North Carolina),Q8536024,2240.0,5564.0,36.3311,-81.7075
Karun Kuh,Q19318947,2240.0,6977.0,36.61,75.0808
Mount Kita,Q961873,2239.0,3193.0,35.67432,138.23874
Mount Nyenchen Tanglha,Q1109058,2239.0,7162.0,30.38886944,90.56030278
Mount Jinfo,Q3321893,2238.0,2238.0,29.06666667,107.3
Piz Bernina,Q15132,2236.0,4048.0,46.382388888,9.908111111
Mesahchie Peak,Q14713819,2235.0,8795.0,48.5786,-120.88
Black Mountain,Q14684318,2234.0,11649.0,38.7183,-105.687
Kawagarbo,Q621247,2232.0,6740.0,28.43833333,98.68333333
Mount Taibai,Q6924020,2232.0,3750.0,33.9458,107.745
Pik Semionova Tien-Shanskogo,Q20619813,2231.0,4895.0,42.521162,74.571662
East Mountain,Q5329018,2230.0,3439.0,44.6647,-71.7702
Pik BAM,Q4362531,2230.0,3072.6,56.865236111,117.579811111
Mount Mestas,Q14684996,2229.0,11573.0,37.5828,-105.147
Mount Kosciuszko,Q178167,2228.0,2228.0,-36.4558303,148.2635105
Mount Fitzpatrick,Q8530032,2227.0,10907.0,42.7261,-110.777
Mount Choqa,Q3862440,2225.0,4100.0,10.71333333,37.84833333
Kangto,Q6362901,2225.0,7090.0,27.865,92.5325
Snowy Mountain,Q7548744,2225.0,3899.0,43.7003,-74.386
Mount Carrigain,Q6920061,2223.0,4683.0,44.0936,-71.4468
Baldpate Mountain,Q4850466,2220.0,,44.6092,-70.8951
Bloody Dick Peak,Q19600546,2217.0,9790.0,45.47444444,-112.97916667
Kwatna Peak,Q123375119,2215.0,2280.0,52.070277777,-126.959444444
Lyon Mountain,Q3321929,2212.0,1170.0,44.7037,-73.8646
Zhupanovsky,Q1112205,2210.0,2923.0,53.59,159.3147
Outlook Peak,Q3887576,2210.0,1920.0,79.74,-91.4
Chapman Peak,Q5073302,2206.0,2859.0,48.9631,-114.024
Caliente Mountain,Q5019902,2206.0,5109.0,35.0364,-119.76
Mount Wilbur,Q8521793,2202.0,10821.0,58.739761111,-137.317655555
Sandstone Peak,Q7416955,2201.0,949.0,34.1203,-118.932
Mount Crillon,Q6920297,2199.0,12726.0,58.662225,-137.171427777
Pelican Butte,Q7161387,2196.0,8037.0,42.513416666,-122.145277777
Mount Foraker,Q1179471,2195.0,5304.0,62.9608,-151.398
Golden Hinde,Q1633809,2195.0,2195.0,49.6628,-125.747
Malubiting,Q1803926,2193.0,7458.0,36.038888888,74.900833333
Mount Rockwell,Q8532700,2192.0,9272.0,48.4433,-113.451
Mount Tūtoko,Q8527426,2191.0,2723.0,-44.5925,168.0125
Tolbachik,Q48784,2190.0,3682.0,55.83,160.33
Baker Mountain,Q4849184,2190.0,3521.0,45.571,-69.3938
Mount Süphan,Q1433508,2189.0,4058.0,38.92983,42.82959
Grass Mountain,Q5597446,2189.0,3100.0,43.0529,-73.2234
Eldorado Peak,Q5354112,2188.0,8868.0,48.5374,-121.134
Steel Mountain,Q18679683,2188.0,9730.0,43.746944444,-115.3175
Boulter Peak,Q49015028,2188.0,,40.003611111,-112.197222222
Peavine Peak,Q7158489,2186.0,8269.0,39.586919444,-119.932138888
Cerro Pintado,Q257173,2181.0,3660.0,10.458881565,-72.903561264
Hochkönig,Q262545,2181.0,2941.0,47.420805555,13.063166666
Keele Peak,Q1737731,2177.0,2972.0,63.431388888,-130.323888888
Broken Top,Q658484,2175.0,2797.0,44.082894444,-121.699761111
Kahiltna Dome,Q14680087,2175.0,12411.0,63.055,-151.236
Owens Peak,Q7114739,2173.0,8452.0,35.738261111,-117.996969444
Korab,Q912579,2169.0,2764.0,41.7903,20.5467
Korab,Q211616,2169.0,2753.0,41.790277777,20.546666666
Mount Pahia,Q31745463,2169.0,,-16.5,-151.75
Nevado de Chañi,Q6746083,2166.0,5949.0,-24.063333333,-65.745833333
Dufourspitze,Q3403,2165.0,4634.0,45.9369238,7.866757
Heart Mountain,Q5692037,2163.0,8123.0,44.665555555,-109.119166666
Grass Mountain,Q5597444,2163.0,3607.0,44.4236,-123.674
Saltoro Kangri,Q728639,2160.0,7742.0,35.399578333,76.847516666
Hunter Mountain,Q5944482,2160.0,,42.1779,-74.2304
Mount Wow,Q29627163,2160.0,,46.7784415,-121.9017688
Elk Mountain (Colorado),Q14684477,2159.0,11424.0,40.1619,-106.128
Carbon Peak,Q14951221,2159.0,12088.0,38.79416667,-107.04305556
Gasherbrum,Q187138,2155.0,8080.0,35.724444444,76.696388888
North Yolla Bolly Mountain,Q22078033,2155.0,7868.0,40.19611111,-122.97361111
Razorback Mountain,Q7299643,2153.0,3183.0,51.590555555,-124.690833333
Buldir Volcano,Q3390548,2152.0,2152.0,52.349439,175.909439
Citadel Mountain,Q5122383,2150.0,9035.0,48.6322,-113.655
Jay Mountain,Q14951268,2149.0,3600.0,44.31972222,-73.69111111
Nat Ma Taung,Q3495742,2148.0,3070.0,21.233594444,93.903061111
Hawksbill Mountain,Q5685253,2148.0,,38.5553,-78.3953
Mount Odin,Q1439530,2147.0,2147.0,66.55,-65.433333333
Kangju Kangri,Q19459387,2147.0,6725.0,33.7233,78.5283
Tebulosmta,Q768463,2145.0,4493.0,42.573333333,45.311944444
Noijin Kangsang,Q1848559,2145.0,7206.0,28.9475,90.179166666
Monte Pissis,Q586212,2145.0,6795.0,-27.755277777,-68.799166666
Mount Takahe,Q358755,2144.0,3460.0,-76.3,-112.1
Mount Aragats,Q203568,2143.0,4090.0,40.523055555,44.195277777
Mount Tahan,Q187315,2140.0,2187.0,4.631111111,102.234444444
Hoher Dachstein,Q686841,2136.0,2995.0,47.475168,13.605735
Mount Wilbur,Q6924582,2136.0,9326.0,48.8056,-113.739
Big Moose Mountain,Q4906029,2133.0,3196.0,45.4842,-69.7117
Ghamubar Zom,Q19344333,2133.0,6518.0,36.59,73.341666666
Mount Ellen,Q3321816,2132.0,,44.1598,-72.9288
Aj Bogd,Q4699476,2132.0,3802.0,44.79916667,95.24
Mount Stone,Q14713832,2132.0,6612.0,47.6064,-123.267
Marmolada,Q203241,2131.0,3343.0,46.424444444,11.85
Punta Penia,Q3925700,2130.0,3343.0,46.4344,11.8496
Mount Orizaba,Q6922604,2127.0,2127.0,33.3751,-118.42
Mount Deception,Q14680148,2126.0,11539.0,63.15833,-150.53083
Veten Mountain,Q7756143,2123.0,2123.0,-72.6167,-3.83333
Mount Farnham,Q6920728,2123.0,3493.0,50.488888888,-116.486944444
Kinyeti,Q948298,2120.0,3187.0,3.9475,32.908888888
Cerro Nube Flane,Q2946767,2120.0,3720.0,16.21402,-96.18237
Hart Mountain,Q1587016,2117.0,2444.0,42.4597,-119.741
Marapi,Q1960702,2116.0,2891.0,-0.380555555,100.473333333
Mount Turner,Q22556335,2116.0,8694.0,58.999722222,-137.2825
Picacho del Diablo,Q3817471,2115.0,3096.0,30.990833333,-115.375
Cerro de la Majadita,Q8344277,2113.0,6280.0,-30.41667,-69.73333
Lookout Mountain,Q39074796,2112.0,8018.0,44.288888888,-118.495277777
Brasstown Bald,Q842924,2108.0,1458.0,34.874197222,-83.810652777
San Antonio Mountain,Q15274746,2108.0,10912.0,36.875,-106.0
Mount Foster,Q1950472,2105.0,2105.0,-62.996666666,-62.548611111
West Mountain,Q7986038,2104.0,6912.0,40.0888,-111.822
Mount Markham,Q1412427,2103.0,4602.0,-82.85,161.35
Parângu Mare,Q897451,2103.0,2519.0,45.340277777,23.540833333
Aneroid Mountain,Q39046227,2102.0,9662.0,45.20321,-117.17461
Algonquin Peak,Q4724340,2100.0,5115.0,44.1436,-73.9867
Bald Mountain,Q4850334,2099.0,,39.4439,-105.969
Pic Macaya,Q2659710,2097.0,2347.0,18.3825,-74.025
Zard Kuh,Q147826,2095.0,4221.0,32.364444444,50.0775
Pik Skalisty,Q13166235,2095.0,5621.0,39.619543888,70.71885
Hilgard Mountain,Q18152952,2093.0,11538.0,38.684,-111.544
Parbati Parbat,Q20191138,2093.0,6633.0,32.090065,77.732606
Kitt Peak,Q1333532,2092.0,2097.0,31.963966666,-111.599836111
Unicorn Peak,Q3549948,2091.0,2125.0,46.745,-121.7
Cerro Castillo,Q5064873,2088.0,2675.0,-46.065,-72.2075
Thirtynine Mile Mountain,Q14685122,2088.0,11553.0,38.8322,-105.555
Chomolhari,Q1076018,2086.0,7326.0,27.824166666,89.27
Mount Assiniboine,Q1818436,2086.0,3618.0,50.869722222,-115.651111111
Ausangate,Q777794,2085.0,6384.0,-13.788611111,-71.231111111
Mount Mantalingajan,Q1950593,2085.0,2085.0,8.818333333,117.669722222
Elko Mountain,Q19880410,2085.0,,40.89437,-115.62979
Coliseum Mountain,Q22522253,2083.0,6677.0,52.52,-116.08527778
Mount Satima,Q6923490,2081.0,4001.0,-0.34972222,36.61666667
Mount Kearsarge,Q6921615,2080.0,2937.0,43.3834,-71.857
Phou Bia,Q239485,2079.0,2819.0,18.983333333,103.133333333
Ngoc Linh,Q7022474,2079.0,2598.0,15.066666666,107.983333333
Cayambe,Q754734,2075.0,5790.0,0.0239,-77.9888
Dunheger,Q4170852,2075.0,3315.0,45.2,90.9
El Altar volcano,Q988603,2072.0,5319.0,-1.664166666,-78.411111111
Opala,Q2580453,2070.0,2475.0,52.543055555,157.335
Cerro Las Minas,Q1055875,2069.0,2849.0,14.534166666,-88.68
Doubletop Mountain,Q5300163,2069.0,3489.0,45.9359,-69.0612
Pedra da Mina,Q2328821,2068.0,2798.0,-22.42825,-44.84305
Mount Lola,Q8526099,2068.0,9148.0,39.4331,-120.365
Cerro Macá,Q3116465,2066.0,2300.0,-45.105833333,-73.169166666
Jacque Peak,Q14684652,2065.0,13211.0,39.4544,-106.198
Mount Bona,Q48691,2064.0,5040.0,61.3856,-141.749
Viso,Q1248,2062.0,3841.0,44.6675,7.091666666
Queen Mary's Peak,Q2062890,2062.0,2062.0,-37.11175,-12.287805555
Chamar,Q5069463,2061.0,7165.0,28.55527778,84.94527778
Sara Sara,Q2652409,2060.0,5505.0,-15.323527777,-73.449361111
Elephant Mountain,Q5359342,2060.0,3772.0,44.7682,-70.7817
Black Dome,Q4920677,2060.0,,42.2701,-74.1226
Lindita Peak,Q49044363,2060.0,7910.0,61.343888888,-146.6075
Triglav,Q1024,2059.0,2864.0,46.378333,13.836667
Mount Guiting-Guiting,Q389889,2058.0,2058.0,12.413888888,122.567777777
Brown Mountain,Q4976213,2058.0,,42.363333333,-122.271388888
Mount Xuebaoding,Q6924687,2057.0,5588.0,32.67583333,103.84666667
Mount Murphy,Q358124,2055.0,2703.0,-75.3,-110.7
Mount Drum,Q3467623,2050.0,3660.0,62.1161,-144.638
Mount Hanang,Q8535884,2050.0,3420.0,-4.435,35.4
Leavitt Peak,Q6510805,2049.0,11573.0,38.2862,-119.651
Williams Peak (Colorado),Q14685191,2049.0,,39.8775,-106.206
Calar Gallinero,Q115800430,2049.0,,37.254722222,-2.516388888
Mount Dawson,Q3321802,2045.0,3377.0,51.1517,-117.421
Barre des Écrins,Q30480,2045.0,4102.0,44.922161111,6.359547222
High Knob,Q5755794,2043.0,4223.0,36.8926,-82.6296
Gass Peak,Q24191659,2043.0,6943.0,36.400555555,-115.180277777
Moldoveanu Peak,Q746524,2042.0,2544.0,45.599438888,24.736211111
Daxue Mountain,Q5242748,2041.0,3500.0,24.1117,99.64
Salt Pond Mountain,Q7405917,2041.0,4361.0,37.4085,-80.4945
Api,Q4779782,2040.0,7132.0,30.005277777,80.929722222
Mount Loolmalasin,Q25226860,2040.0,3682.0,-3.05166667,35.81666667
Lefka Ori,Q1137982,2038.0,2454.0,35.292778,24.031667
Snaefell,Q147557,2037.0,621.0,54.263288,-4.461618
Jezercë,Q1032440,2036.0,2694.0,42.442222222,19.812777777
Makushin Volcano,Q1058508,2036.0,1800.0,53.886318,-166.91112041
Nevado del Ruiz,Q233351,2035.0,5389.0,4.895277777,-75.3225
Pauhunri,Q7148872,2035.0,7128.0,27.953333333,88.8425
Mount Osceola,Q6922609,2034.0,4315.0,44.001613888,-71.535613888
Carpenter Mountain,Q14708778,2029.0,5353.0,44.3017,-122.137
Yerupajá,Q529797,2028.0,6635.0,-10.268889,-76.905278
Mount Kaweah,Q6921611,2027.0,13807.0,36.5261,-118.478
Mae West Peaks,Q6729053,2026.0,6732.0,32.1,-110.122
Pico de São Tomé,Q1471391,2024.0,2024.0,0.266666666,6.533333333
San Pedro,Q2742687,2024.0,6145.0,-21.887777777,-68.391388888
Noshaq,Q271700,2024.0,7492.0,36.431666666,71.828333333
Tapuae-o-Uenuku,Q6924042,2022.0,2885.0,-41.995833333,173.6625
Säntis,Q15224,2021.0,2501.0,47.249167,9.343333
Mount Calowahcan,Q6919955,2021.0,9061.0,47.3828,-113.919
Red Table Mountain,Q14685074,2017.0,12043.0,39.4181,-106.771
Socompa,Q422765,2015.0,6051.0,-24.393333333,-68.256111111
Mount Tapulao,Q2393780,2015.0,2037.0,15.4833,120.1166
Mount Forest,Q30603339,2013.0,,44.47111111,-71.19944444
Mount Athos,Q130321,2012.0,2033.0,40.158333333,24.327222222
Boundary Bald Mountain,Q4949912,2010.0,3638.0,45.7668,-70.2038
Mount Edith Cavell,Q510573,2007.0,3363.0,52.667222222,-118.056666666
Koh-i Belandtarin,Q133878995,2006.0,6421.0,37.1475,73.2158333
Mount Tlingit,Q123474891,2006.0,12606.0,58.893055555,-137.393888888
Nemjung,Q6991183,2005.0,7140.0,28.735,84.41666667
Dykh-Tau,Q476313,2002.0,5204.0,43.0525,43.131666666
Mount Genyen,Q1093534,2000.0,6204.0,29.8075,99.605833333
Leirungshøi,Q3442844,2000.0,1825.0,61.94666667,8.48055556
Glass Buttes,Q28056308,2000.0,6385.0,43.5573646,-120.0744166
Hawkes Heights,Q8333629,2000.0,2000.0,-72.5333,169.7
Khasi Hills,Q3182012,1999.0,1200.0,25.583333333,91.633333333
Ampato,Q474428,1997.0,6288.0,-15.820555555,-71.88
Salmon Mountain,Q7405519,1996.0,6962.0,41.1831,-123.411
Surukwat Kangri,Q123375551,1995.0,6792.0,36.287222222,76.386944444
Bridge Mountain,Q794480,1991.0,,36.1355235,-115.4905643
Mount Yong Belar,Q12687362,1991.0,2180.0,4.65055556,101.36083333
Mount Balchen,Q49051960,1990.0,11205.0,63.623611111,-146.840555555
Tordoki Yani,Q1092160,1989.0,2090.0,48.897222222,138.052777777
West Buffalo Peak,Q14685162,1986.0,13332.0,38.9917,-106.125
Hurricane Mountain,Q8526995,1982.0,3678.0,44.235,-73.7103
Gore Mountain,Q5586121,1982.0,3332.0,44.9198,-71.794
Santa Fe Baldy,Q7419501,1982.0,12632.0,35.832194444,-105.758083333
Chatsquot Mountain,Q5087791,1981.0,2365.0,53.142222222,-127.477222222
Pik Sovetskikh Ofitserov,Q3382401,1980.0,6233.0,38.423899,73.301571
Saraghrar,Q2458240,1979.0,7338.0,36.5475,72.116666666
Topo da Coroa,Q2671287,1979.0,1979.0,17.033333333,-25.295833333
Ikh Bogd,Q4078731,1979.0,3957.0,44.995,100.230833333
K12,Q1148854,1978.0,7428.0,35.321388888,76.985277777
Mount James,Q6921477,1978.0,9375.0,48.5844,-113.492
Reo Purgyil,Q17020614,1978.0,6816.0,31.884407,78.735308
Pico Turquino,Q1145743,1974.0,1974.0,19.989444444,-76.835833333
M'Goun,Q3050555,1974.0,4068.0,31.51,-6.44
Mount Tom,Q6924144,1972.0,13658.0,37.3385,-118.658
Frenchman Mountain,Q5502721,1972.0,4056.0,36.179180555,-114.997611111
Kambalny,Q1112273,1970.0,2161.0,51.3,156.866666666
Mount Mutis,Q1165869,1970.0,2417.0,-9.526111111,124.238611111
Chachani,Q1058424,1963.0,6057.0,-16.194166666,-71.531666666
Patkhor Peak,Q3382324,1963.0,6083.0,37.888386,72.187736
K6,Q1584568,1962.0,7282.0,35.41833333,76.55166667
Amne Machin,Q277661,1960.0,6282.0,34.5,100.0
Red Mountain,Q39074793,1960.0,9537.0,45.064444444,-117.246388888
Mount Vaca,Q8524487,1959.0,2822.0,38.4002,-122.106
Antofalla,Q312866,1957.0,6409.0,-25.5625,-67.880833333
Janq'u Uma,Q33211,1957.0,6425.0,-15.853333333,-68.540833333
Mount Constance,Q116229,1956.0,2364.0,47.7726285,-123.1273118
Mount Priestley,Q6923045,1956.0,2366.0,55.2294,-128.872
El Cajon Mountain,Q18389542,1955.0,3648.0,32.91477,-116.81975
Mount Gould (Montana),Q8522147,1953.0,2909.0,48.7428,-113.714
Mount Olympus,Q819979,1952.0,1952.0,34.936666666,32.863888888
Sublett Range High Point,Q7631456,1952.0,7492.0,42.37,-112.931
Mount Isarog,Q1673747,1951.0,1966.0,13.659166666,123.373333333
Mount Fitz Roy,Q215138,1951.0,3406.0,-49.271388888,-73.043333333
Angilaaq Mountain,Q3861189,1951.0,1951.0,73.2283,-78.6208
Serra Imeri,Q8530408,1951.0,2994.0,0.49083333,-65.33333333
Iron Mountain,Q14684644,1951.0,11416.0,37.6375,-105.253888888
Mount Matutum,Q1910848,1950.0,2286.0,6.433333333,125.108333333
Mount Irving,Q1707799,1950.0,2300.0,-61.283333333,-54.133333333
Ortler,Q650695,1950.0,3905.0,46.508888888,10.545
Cima Valdritta,Q11690640,1950.0,2218.0,45.726469444,10.843661111
Mount Benum,Q19646296,1950.0,2107.0,3.82333,102.094
Sangeang Api,Q2573663,1949.0,1949.0,-8.18,119.05
Hallasan,Q494645,1947.06,1947.06,33.35,126.516666666
Labuche Kang,Q1081475,1947.0,7367.0,28.3042,86.3508
Oat Mountain,Q7074451,1947.0,,34.3297,-118.601
Palpana,Q7128689,1947.0,6023.0,-21.546666666,-68.5225
Waterrock Knob,Q7974395,1947.0,6292.0,35.464269444,-83.137644444
Calbuco,Q1026302,1946.0,2003.0,-41.332777777,-72.611111111
Toney Mountain,Q2441639,1946.0,3595.0,-75.8,-115.816666666
Liushi Shan,Q6654097,1946.0,7167.0,35.31583333,80.91583333
Ulugh Muztagh,Q1560829,1943.0,6973.0,36.4125,87.384166666
Sunset Peak,Q7641331,1942.0,4745.0,33.68,74.5408
Lunpo Gangri,Q8536063,1941.0,7095.0,29.83333333,84.61333333
Cerro Las Conchas,Q62706961,1940.0,,18.72161,-102.97418
Red Mountain,Q7304629,1937.0,9377.0,48.5356,-113.424
Xueshan,Q707720,1932.0,3886.0,24.383333333,121.23
Torre Cerredo,Q1520376,1931.0,2648.0,43.198055555,-4.851111111
Phu Luong,Q7188249,1930.0,2985.0,21.57083333,104.30666667
Mount Paris,Q6922657,1930.0,2800.0,-68.9833,-70.8333
Mus-Khaya,Q1953957,1929.0,2973.0,62.583333333,140.9
Mount Lyell,Q2753855,1927.0,3997.0,37.7394,-119.272
Mount Murchison,Q8536882,1927.0,3500.0,-73.420991666,166.298288888
Mount Cooper,Q49052359,1926.0,6780.0,58.862563888,-136.982955555
Mount Cardigan,Q6919993,1925.0,3155.0,43.649794444,-71.914805555
Mount Hasan,Q1302768,1922.0,3268.0,38.12652,34.16511
Bukadaban Feng,Q4986803,1922.0,6860.0,36.02416667,90.86583333
Kuna Peak,Q18753789,1922.0,13008.0,37.812939,-119.2083218
Malinche,Q578799,1920.0,4420.0,19.23083333,-98.03194444
Devon Ice Cap,Q5267726,1920.0,1920.0,75.3478,-82.1739
Khuvkhoitun,Q4502055,1920.0,2616.0,57.916666666,160.683333333
Sahuasiray,Q7428597,1920.0,5818.0,-13.21333333,-71.99
Mount Banahaw,Q806074,1919.0,2158.0,14.066666666,121.483333333
The Crown,Q7728229,1919.0,7295.0,36.1083,76.2125
Big Spencer Mountain,Q4906400,1919.0,3205.0,45.7727,-69.4473
Winnemucca Mountain,Q14705314,1919.0,,41.0116,-117.7676
Mount Aka,Q3915982,1916.0,2899.0,35.97055556,138.37
Conejos Peak,Q5159490,1912.0,13179.0,37.288611111,-106.570833333
Mount Terror,Q6924090,1911.0,8151.0,48.774583,-121.299254
Cerro El Toro,Q5064918,1910.0,6168.0,-29.13,-69.786666666
Mount Abuna Yosef,Q867835,1909.0,4260.0,12.140833333,39.181666666
Black Mountain,Q880428,1905.0,1263.0,36.9142,-82.8939
Berill Mountain,Q1076304,1904.0,2933.0,62.395833333,141.326666666
Mount Keith,Q6921618,1903.0,13982.0,36.7001,-118.344
Kootenai Peak,Q6430815,1902.0,8542.0,48.8903,-113.942
Gable Mountain,Q5515424,1902.0,9262.0,48.9061,-113.674
Tidighin,Q2383371,1901.0,2456.0,34.843166666,-4.508055555
Cerro Arenales,Q641604,1900.0,3437.0,-47.197222222,-73.4675
Pular,Q3116451,1898.0,6233.0,-24.2005,-68.0665
Mount Haku,Q2639098,1897.0,2702.0,36.1,136.5
Mount Douglas,Q3467925,1895.0,2150.0,58.86,-153.533
Columbus Mountain,Q14684410,1893.0,10253.0,40.8797,-107.192
Going-to-the-Sun Mountain,Q5577737,1892.0,9647.0,48.6961,-113.639
Mahogany Mountain,Q8531125,1892.0,6526.0,43.235,-117.256
Baintha Brakk,Q1893268,1891.0,7285.0,35.947777777,75.753611111
Sierra de Minas Viejas,Q27783491,1890.0,,26.08333,-100.46667
Sierra La Madera,Q27783781,1890.0,,27.01245,-102.38779
Cerro Tía Chena,Q27788950,1890.0,2625.0,26.119444444,-100.556944444
Gran Paradiso,Q1372,1888.0,4061.0,45.533333333,7.266666666
Mount Bosavi,Q1297541,1887.0,2507.0,-6.614166666,142.826666666
Mount Goodsir,Q3861599,1887.0,3567.0,51.206666666,-116.404444444
Horse Mountain,Q14684593,1887.0,9952.0,37.3083,-107.287
Tecate Peak,Q5960834,1885.0,3883.0,32.579569,-116.688767
Lizard Head Peak,Q23950319,1882.0,12847.0,42.79,-109.19694444
Rio Grande Pyramid,Q7335223,1881.0,13827.0,37.679722222,-107.3925
Telescope Peak,Q916811,1880.0,3366.0,36.169816666,-117.089197222
Mount Kershaw,Q6429384,1880.0,1880.0,-67.5333,-66.9667
Sierra Grande,Q7511378,1880.0,8723.0,36.705580555,-103.876630555
Azurite Peak,Q49009399,1880.0,8400.0,48.6568,-120.75178
Mount Tabwemasana,Q1542459,1879.0,1879.0,-15.35,166.75
Pizzo Coca,Q2009944,1878.0,3052.0,46.0714,10.0115
Mount Yōtei,Q713619,1878.0,1898.0,42.827222222,140.806388888
Cima Dodici,Q937014,1874.0,2336.0,45.99768333,11.46819167
Irazú Volcano,Q1672472,1872.0,3432.0,9.979166666,-83.8525
Mount Darwin,Q2963260,1871.0,13837.0,37.1669,-118.672
Silvertip Mountain,Q7516830,1871.0,2596.0,49.16,-121.218
Muzat I,Q23304709,1871.0,6571.0,42.037777777,80.504166666
Haystack Mountain,Q25205701,1871.0,1871.0,41.17941667,-75.89200556
Cerro El Potosí,Q1781656,1870.0,3721.0,24.871666666,-100.2325
Mount Kyllini,Q1232572,1870.0,2374.0,37.939166666,22.396666666
Kanjiroba Himal,Q16968920,1870.0,6883.0,29.3918,82.7528
Kanjiroba,Q19459405,1870.0,6883.0,29.3783,82.6392
Sultan Mountain,Q14685115,1868.0,13373.0,37.7858,-107.704
Mount Watson,Q49055123,1867.0,12497.0,59.0079445,-137.5556046
Mount Sedgwick,Q20858301,1866.0,9256.0,35.17448,-108.09506
South Bald Mountain,Q7566227,1863.0,11009.0,40.7528,-105.696
Pico Ruivo,Q473169,1862.0,1862.0,32.758733333,-16.942255555
Mönkh Khairkhan,Q6950349,1860.0,4231.0,46.89,91.47333333
Camel's Hump,Q5025846,1860.0,4083.0,44.319722222,-72.886111111
Mount Bintang,Q6919733,1860.0,1862.0,5.42944444,100.86611111
Green Mountain,Q14684539,1859.0,10427.0,39.3053,-105.3
Silisili,Q1147814,1858.0,1858.0,-13.618333333,-172.485833333
Myinmoletkat Taung,Q6947477,1857.0,2072.0,13.46666667,98.8
Mount Mitchell,Q615337,1856.54,2037.0,35.764761111,-82.264861111
Mount Ossa,Q1471677,1854.0,1978.0,39.8,22.7
Saddleback Mountain,Q7397754,1854.0,2999.0,45.5095,-69.136
Lookout Mountain,Q6675492,1854.0,9954.0,44.19269,-114.75869
Laveaga Peak,Q6502465,1853.0,3804.0,36.8904,-121.178
Mount Igikpak,Q1950531,1852.0,2523.0,67.4131,-154.966
Mount Despair,Q6920424,1852.0,7296.0,48.7373,-121.377
Doi Inthanon,Q1140075,1850.0,2565.0,18.592222222,98.486666666
Mont Ross,Q1945447,1850.0,1850.0,-49.6,69.5
Gore Mountain,Q5586117,1850.0,,43.6765,-74.0351
Victoria Peak,Q7926955,1849.0,2163.0,50.0547,-126.101
Eagle Peak,Q1276808,1847.0,11361.0,44.3207,-110.0276
Fishers Peak,Q14951222,1847.0,9633.0,37.09833333,-104.46277778
Granite Chief,Q5595839,1846.0,2745.0,39.1983,-120.287
Lookout Mountain,Q18154749,1845.0,6536.0,45.3422,-121.524
Mount Simpson,Q31750214,1843.0,,-10.0345,149.563
Rendezvous Peak,Q7312830,1842.0,10927.0,43.5675,-110.905
Belknap Mountain,Q4883048,1842.0,2382.0,43.517855555,-71.369238888
Chief Mountain,Q1072361,1840.0,2768.0,48.933833,-113.610047
Wuzhi Mountain,Q693429,1840.0,1840.0,18.89942,109.70479
Mount Blue (Maine),Q8521228,1840.0,,44.7281,-70.342
Karkar Island,Q720720,1839.0,1839.0,-4.633333,145.966667
Cotacachi,Q1136571,1837.0,4935.0,0.360833333,-78.349166666
Acatenango,Q338192,1835.0,3976.0,14.500833333,-90.875833333
Punta La Marmora,Q385753,1834.0,1834.0,39.988055555,9.324166666
Mount Dyultydag,Q4172239,1834.0,4127.0,41.959444444,46.922222222
Howson Peak,Q5922600,1829.0,2759.0,54.418611111,-127.743888888
Alam-Kuh,Q3696208,1827.0,4848.0,36.375833333,50.9625
Sahand,Q1432738,1826.0,3710.0,37.73,46.5
Saint John Mountain,Q7401463,1826.0,6749.0,39.4343,-122.693
Tsaydaychuz Peak,Q17103396,1826.0,2758.0,53.02138889,-126.6427778
Alney-Chashakondzha,Q1518424,1825.0,2526.0,56.7,159.65
Alney,Q4062794,1825.0,2597.0,56.692016666,159.644894444
Conger Mountain,Q5160458,1824.0,8144.0,39.2293,-113.723
Saipal,Q7402481,1824.0,7031.0,29.890833333,81.495
Mount Saint Helena,Q1534757,1823.0,1319.0,38.669333333,-122.63355
Bald Mountain,Q804733,1823.0,3640.0,40.6988,-110.902
Loi Leng,Q6668076,1823.0,2651.0,22.65,98.06666667
Copper Mountain,Q14713621,1822.0,7142.0,48.94041,-121.4668
Llaima,Q164121,1819.0,3125.0,-38.697407,-71.730445
Tyatya,Q547770,1819.0,1819.0,44.353888888,146.250833333
Mount Moroto,Q1422911,1818.0,3083.0,2.525,34.7725
Superstition Mountain,Q7644233,1817.0,5059.0,33.411016666,-111.400763888
Chikurachki,Q2282091,1816.0,1816.0,50.321666666,155.461666666
Sonora Peak,Q7562221,1816.0,11464.0,38.3538,-119.635
Mount Kaputjugh,Q1728783,1815.0,3904.0,39.15,46.0
Moxie Mountain,Q8524724,1813.0,2936.0,45.2068,-69.8938
Maiella,Q1079434,1812.0,2793.0,42.05,14.05
Chopaka Mountain,Q5104813,1811.0,7887.0,48.9575,-119.785
Khodutka,Q2670289,1810.0,2090.0,52.063,157.703
Monte Amaro,Q21992975,1810.0,2793.0,42.0863319,14.0859108
Mount Natazhat,Q1950617,1809.0,4095.0,61.5219,-141.101
Harhiraa,Q5657085,1808.0,4040.0,49.56972222,91.38527778
Manam,Q1888667,1807.0,1807.0,-4.08333333,145.03333333
Tanaga,Q2976672,1806.0,1806.0,51.883888888,-178.141388888
Mount Hermon,Q215471,1804.0,2813.95,33.4,35.85
East Kennebago Mountain,Q5328694,1804.0,3789.0,45.121833333,-70.599666666
Mount Supernal,Q6923948,1804.0,3655.0,-73.066666666,165.7
Mamostong Kangri,Q937361,1803.0,7516.0,35.140833333,77.5775
Brandberg,Q897834,1802.0,2573.0,-21.1495,14.5775
Mount Carpe,Q14680137,1800.0,12552.0,63.15222,-150.86083
Middle Triple Peak,Q6841637,1800.0,8835.0,62.3947,-152.768
Manakau,Q6746799,1798.0,2608.0,-42.225,173.617
Shedin Peak,Q7492310,1798.0,2588.0,55.939166666,-127.48
Haute Cime,Q3128532,1797.0,3257.0,46.1608,6.92306
Mount Martha Black,Q22546520,1797.0,2512.0,60.671388888,-137.622222222
Shayaz,Q21042276,1797.0,6026.0,36.64833333,72.82833333
Mount Nystrom,Q16896033,1796.0,12361.0,42.6389,-109.094
Mount Orville,Q1244469,1795.0,10495.0,58.736619444,-137.272180555
Haba Snow Mountain,Q4494371,1794.0,5396.0,27.318333333,100.1
Mount Lukens,Q6921917,1794.0,5075.0,34.2689,-118.239
Mount Nemërçkë,Q1337784,1792.0,2485.0,40.133333333,20.4
Mount Cannon,Q6919979,1792.0,8952.0,48.6925,-113.774
Papingu,Q8528315,1792.0,2482.0,40.124166666,20.4325
Mount Addala-Shukhgelmeer,Q12861347,1792.0,4152.0,42.339166666,46.249444444
Aracar,Q312862,1791.0,6082.0,-24.29,-67.7833
Kuju Mountains,Q6921721,1791.0,1791.0,33.08222222,131.24083333
Mount Brooks,Q14680129,1790.0,11890.0,63.1878,-150.647
Qiajivik Mountain,Q3861886,1787.0,1963.0,72.180164,-75.927021
Sutai Mountain,Q7649884,1787.0,4220.0,46.6175,93.5942
Misti,Q572865,1785.0,5825.0,-16.296388888,-71.410555555
Sierra Velluda,Q7511611,1784.0,3585.0,-37.466666666,-71.433333333
Vihren,Q1140684,1783.0,2914.3,41.766388888,23.399444444
Mount Kaplan,Q3321901,1783.0,4230.0,-84.55,175.316666666
USGS Peak,Q7866419,1782.0,11982.0,44.0133,-113.582
Birkenhead Peak,Q4916437,1781.0,2506.0,50.511111111,-122.620833333
Little Chief Mountain,Q6649531,1781.0,9541.0,48.6447,-113.595
Mount Frakes,Q1422562,1780.0,3654.0,-76.8,-117.7
Mount Garrin,Q3323055,1780.0,3630.0,33.959166666,48.481666666
Bolton Mountain,Q4940205,1780.0,,44.4492,-72.8396
Mount Christie,Q6920145,1777.0,1884.0,47.698,-123.545
Cove Mountain,Q31668059,1777.0,,35.6966875,-83.6097661
Mount Shani,Q1967897,1776.0,4451.0,42.675833333,44.7575
Cavanal Hill,Q2943245,1775.0,2385.0,35.070833333,-94.679444444
Takht-e-Sulaiman,Q3696019,1775.0,3452.0,31.682683333,69.936566666
Kaaterskill High Peak,Q6343625,1775.0,3645.0,42.1620334,-74.0801381
Pangaion,Q1448901,1773.0,1956.0,40.899166666,24.083611111
Mount Narodnaya,Q1142817,1772.0,1895.0,65.033333333,60.116666666
Chamechaude,Q2321630,1771.0,2082.0,45.287778,5.788333
Davis Peak,Q5241948,1771.0,7055.0,48.7295,-121.203
Cerro Tacarcuna,Q5763256,1770.0,1875.0,8.15061,-77.29196
Mount Veve,Q6924428,1768.0,1768.0,-7.95,157.075
Khunyang Chhish,Q1480438,1765.0,7852.0,36.205277777,75.207777777
Chutine Peak,Q5118382,1765.0,2910.0,57.7753,-132.335
,Q24822832,1765.0,1765.0,71.6,-53.18333
Babadağ,Q4837427,1763.0,1969.0,36.53032,29.18093
Glassford Peak,Q5567159,1762.0,11602.0,43.9121,-114.481
Saviers Peak,Q7428213,1761.0,10441.0,43.822,-114.713
Plateau Mountain,Q7202220,1760.0,,42.1378,-74.1744
Mount Hector,Q740274,1759.0,3394.0,51.575,-116.2594444
Peleaga,Q1232288,1759.0,2509.0,45.366111111,22.894444444
Kajmakčalan,Q1288074,1758.0,2528.0,40.930277777,21.786111111
Voras Mountains,Q6435173,1758.0,2524.0,40.942222222,21.804722222
Kuh-e Shashgal,Q18628361,1758.0,6290.0,35.9304,71.0794
Tongshanjiabu,Q2598705,1757.0,7207.0,28.186666666,89.9575
Tsambagarav,Q4503067,1757.0,4193.0,48.6817,90.725
Lars Christensen Peak,Q951735,1755.0,1755.0,-68.833333333,-90.616666666
Volcán Atitlán,Q377571,1754.0,3537.0,14.583333333,-91.186111111
Mount Hikurangi,Q1950512,1752.0,,-37.919,178.061
Nyegyi Kansang,Q7071061,1752.0,7047.0,27.93666667,92.66666667
Mount Kisokoma,Q3695791,1751.0,2956.0,35.78983,137.80417
Mount Pandim,Q3362005,1751.0,6691.0,27.5775,88.215833333
Illinizas,Q734280,1750.0,,-0.659444444,-78.713611111
Klyuchevskaya Sopka,Q210252,1750.0,4800.0,56.066666666,160.633333333
Mutnovsky,Q889637,1750.0,2322.0,52.453,158.195
Gamchen,Q2666935,1750.0,2576.0,54.973055555,160.700833333
Phu Si Lung,Q7188263,1750.0,3076.0,22.63333333,102.78333333
Hasagt Hairhan,Q5678054,1749.0,3578.0,46.78916667,95.80083333
Mount Arlan,Q777434,1748.0,1880.0,39.673333333,54.543333333
Kearsarge North,Q6382249,1748.0,3268.0,44.105622222,-71.094238888
Whitehorn Mountain,Q1992742,1747.0,3399.0,53.135555555,-119.261111111
Mount Sindoro,Q2038462,1747.0,3136.0,-7.301111111,109.996666666
Shaiyb al-Banat,Q3959025,1747.0,2187.0,26.97972222,33.48638889
Kuhe Haji Ebrahim,Q6442085,1747.0,3587.0,36.55,45.0
Zugspitze,Q3375,1746.0,2962.06,47.421217,10.986314
Mount Chown,Q6920143,1746.0,3316.0,53.3969,-119.417
Mount Iwate,Q713836,1745.0,2038.2,39.8525,141.00111111
Phnom Aural,Q539772,1744.0,1813.0,12.031944444,104.170555555
Dirfi,Q5280742,1743.0,1743.0,38.6268,23.8409
Bennett Peak,Q14684306,1743.0,13209.0,37.4833,-106.434
Mount Welel,Q6924537,1742.0,3301.0,8.8775,34.811666666
Great Sitkin Volcano,Q4016621,1740.0,1740.0,52.076388888,-176.110833333
Azimuthbjerg,Q24727764,1738.0,1738.0,63.4325,-41.6642
Jiehkkevárri,Q1688935,1737.0,1834.0,69.469166666,19.876666666
Mol Len,Q6895624,1737.0,3088.0,25.49416667,94.75166667
Smolikas,Q139362,1736.0,2637.0,40.089722222,20.926111111
Thudaka Peak,Q7798675,1736.0,2748.0,57.926888888,-126.848305555
Blair Mountain (Colorado),Q14684319,1736.0,11465.0,39.7944,-107.418
"Flat Top Mountain (Sitka City and Borough, Alaska)",Q8521471,1736.0,1736.0,57.6175,-136.0
Antelao,Q571759,1735.0,3264.0,46.4525,12.260555555
Bell Mountain,Q4883214,1732.0,11617.0,44.236666666,-113.195277777
Mount Hakkyō,Q11391726,1732.0,1915.0,34.173611,135.9075
Specimen Mountain,Q14685105,1731.0,12494.0,40.4447,-105.809
Zheltovsky,Q1112372,1730.0,1953.0,51.5771,157.3281
Mount Cleveland,Q783798,1730.0,1730.0,52.822222222,-169.945
Du Toits Peak,Q5310084,1730.0,1995.0,-33.755,19.186666666
Mount Terror,Q1056741,1728.0,3230.0,-77.516666666,168.533333333
Manirang,Q6749852,1727.0,6593.0,31.953333333,78.366666666
Jabal Al Harim,Q31485782,1727.0,2087.0,25.9764,56.2325
Nattaung,Q6980340,1726.0,2623.0,18.81666667,97.03333333
Baga Bogd,Q4841384,1725.0,3600.0,44.89666667,101.57666667
Mount Tecumseh,Q6924064,1723.0,4003.0,43.967291666,-71.558133333
Mount Rishiri,Q2154758,1721.0,1721.0,45.17865,141.241922222
Blackfoot Mountain,Q4922855,1721.0,9574.0,48.5819,-113.668
Mount Carse,Q202034,1720.0,2330.0,-54.716666666,-36.083333333
Lalla-Khedidja,Q3216533,1720.0,2308.0,36.44722222,4.22861111
Mount Triumph,Q8529297,1720.0,7260.0,48.7065,-121.355
Jebel Kawr (peak),Q126197446,1718.0,2730.0,23.1387098,57.0140708
Mount Cramer,Q8528285,1716.0,10716.0,44.011016666,-114.982580555
Pollino,Q1088265,1715.0,2267.0,39.9,16.216667
Khao Luang,Q1542964,1715.0,1780.0,8.493611111,99.73
Serra Dolcedorme,Q3957956,1715.0,2267.0,39.8943,16.2159
Arcalod,Q1619770,1713.0,2210.0,45.68194444,6.22833333
Newtontoppen,Q1419222,1713.0,1713.0,79.010555555,17.490833333
Bald Mountain,Q49010186,1713.0,,39.877222222,-111.758333333
Mount Ontake,Q1754806,1712.0,3067.0,35.892777777,137.480277777
Mount Wrangell,Q185847,1711.0,4317.0,62.006944444,-144.015833333
Bowback Mountain,Q28056269,1711.0,12356.0,45.12772,-109.61822
Mount Regan,Q6923178,1710.0,10190.0,44.1599,-115.061
Mount Dan Beard,Q14680146,1710.0,10082.0,63.0203,-150.787
Gauri Sankar,Q1496289,1709.0,7134.0,27.953333333,86.335833333
Montalto,Q3861112,1709.0,1955.0,38.15888889,15.92111111
The East Temple,Q49082371,1709.0,,37.22082,-112.95077
Gora Babash-Ata,Q27206524,1708.0,4428.0,41.410278,72.913056
Muztagh Tower,Q1501059,1707.0,7273.0,35.828333333,76.360833333
Volcán Wolf,Q1376373,1707.0,1707.0,0.033333333,-91.333333333
Grizzly Mountain,Q5609803,1707.0,9067.0,48.4186,-113.402
Mela Taung,Q6810926,1707.0,2080.0,17.2,98.08333333
Grintovec,Q588460,1706.0,2558.0,46.3571332,14.5354262
Brown Peak,Q546670,1705.0,1705.0,-67.433333333,164.766666666
Teram Kangri,Q1397780,1704.0,7462.0,35.58,77.078333333
Mountain Karang,Q2344869,1703.0,1778.0,-6.269166666,106.05
Mount Giona,Q730750,1702.0,2510.0,38.613888888,22.253055555
Yanamax,Q25379030,1702.0,6357.0,42.285,81.043472222
Broad Peak,Q180996,1701.0,8051.0,35.810555555,76.568055555
Mount Bangeta,Q2073896,1701.0,4121.0,-6.313888888,147.088333333
Copiapó volcano,Q2996801,1701.0,6052.0,-27.30583333,-69.13083333
Bard Peak,Q4860046,1701.0,13647.0,39.7203,-105.804
Mount Friesland,Q8527810,1700.2,1700.2,-62.670805555,-60.186305555
Tacora,Q1552026,1700.0,5988.0,-17.716666666,-69.766666666
Großer Priel,Q695334,1700.0,2515.0,47.716944444,14.063333333
Mount Melbourne,Q739945,1699.0,2732.0,-74.333333333,164.7
Kubi Gangri,Q19605854,1699.0,6859.0,29.766053,82.75163
Jirisan,Q483204,1696.0,1915.0,35.336944444,127.730555555
Pukeashun Mountain,Q7259100,1696.0,2301.0,51.2047,-119.235
Mount Kadam,Q3321899,1690.0,3063.0,1.763055555,34.709166666
Mount Seattle,Q22553235,1690.0,3150.0,60.088333333,-139.198611111
Pico Almanzor,Q203353,1689.0,2591.0,40.246666666,-5.297777777
Squak Mountain,Q7581914,1689.0,2028.0,47.4964,-122.038
Greater Chimgan,Q18755528,1689.0,3309.0,41.494444444,70.057777777
Grigne,Q1060445,1687.0,2410.0,45.933333333,9.383333333
Grignone,Q20970624,1687.0,2410.0,45.95333338,9.3875086
Ollagüe,Q1420297,1686.0,5870.0,-21.3025,-68.179166666
Sierra Blanca Peak,Q49073646,1686.0,3649.0,33.374166666,-105.809444444
Khan Tengri,Q211529,1685.0,7010.0,42.210833333,80.175
Red Slate Mountain,Q1405920,1683.0,4013.0,37.507555555,-118.869305555
Mount Perseus,Q8537067,1683.0,2553.0,52.3542,-120.533
Mount Field,Q8523327,1681.0,1319.0,44.1962,-71.4345
Prospectors Mountain,Q7250845,1681.0,11241.0,43.6494,-110.849
The West Temple,Q56279664,1680.0,,37.210869,-113.02071
Mount Octopus,Q28873474,1680.0,2444.0,47.74888889,-124.17777778
Fortress Mountain,Q39070607,1680.0,8671.0,48.15916667,-120.93388889
Monte Bondone,Q1478747,1679.0,2180.0,45.98805556,11.03083333
Mount Salak,Q669559,1678.0,2211.0,-6.715833333,106.733611111
Antisana volcano,Q14082,1678.0,5758.0,-0.481388888,-78.140833333
Pik Tandykul,Q7193530,1677.0,5544.0,39.44833333,71.08333333
Snøhetta,Q979569,1675.5,2286.0,62.32,9.268333333
Mount Fillmore,Q6920758,1675.0,7719.0,39.7302,-120.852
Yuzhu Peak,Q5938899,1674.0,6224.0,35.6525,94.2508
Henry Mountain,Q14684563,1674.0,13261.0,38.6856,-106.621
Haathi Parvat,Q998772,1673.0,6727.0,30.685,79.70583333
Soviet Constitution Peak,Q25379166,1673.0,5281.0,42.036,78.908
Presanella,Q2094363,1672.0,3556.0,46.22,10.663888888
Lunkho e Dosare,Q6704400,1671.0,6901.0,36.77583333,72.44
Mount Bielawski,Q6919722,1671.0,3234.0,37.2236,-122.093
Mururata,Q1428300,1669.0,5864.0,-16.530555555,-67.8275
Whiting Peak,Q7996512,1669.0,2524.0,58.1389,-132.935
Cerro Azul,Q1055779,1668.0,1640.0,-0.916666666,-91.408333333
Agasthyamalai Hills,Q4691448,1668.0,1868.0,,
Leatherman Peak,Q6510486,1668.0,12228.0,44.0821,-113.733
Pothigai Hill,Q12986765,1668.0,1866.0,8.616691666,77.24625
Jakupica,Q1826026,1666.0,2225.0,41.704166666,21.405277777
Pik Lyavirdyr,Q3382310,1666.0,6351.0,37.5635,75.1615
Granite Mountain,Q5595889,1666.0,7628.0,34.6406,-112.576
Isis Temple,Q6081230,1666.0,7006.0,36.1408,-112.138
Maja e Këndrevicës,Q8536495,1666.0,2122.0,40.28638889,19.84888889
,Q12908705,1666.0,2540.0,41.704166666,21.405277777
Mount Bintumani,Q769525,1665.0,1945.0,9.225,-11.116666666
Birnhorn,Q683611,1665.0,2634.0,47.474722222,12.733611111
North Arapaho Peak,Q7053957,1665.0,13508.0,40.026666666,-105.65
Phu Soi Dao,Q7188265,1664.0,2120.0,17.73333333,101.0
Mount Oso (Colorado),Q14685004,1664.0,,37.6072,-107.494
Elk Mountain,Q28056287,1664.0,8727.0,40.56916667,-106.96833333
Mount Nirvana,Q1500146,1663.0,2773.0,61.8747,-127.68
Tsiafajavona,Q1559543,1663.0,2642.0,-19.34888889,47.24333333
Mount Everett,Q6920705,1663.0,793.1,42.1019,-73.4325
Cerro Peña Nevada,Q27768358,1663.0,3563.0,23.77094,-99.86105
Mount Thomlinson,Q8529143,1661.0,2451.0,55.543888888,-127.486388888
Kanjut Sar,Q1552100,1660.0,7760.0,36.205,75.418333333
Mount Elizabeth,Q6920598,1657.0,4480.0,-83.9,168.383
Changla,Q19457611,1657.0,6563.0,30.1375,82.1958
South Mountain,Q39074679,1657.0,3602.0,38.40111111,-109.26111111
Mount Eldridge,Q14680151,1656.0,10394.0,63.13472,-150.34667
Sangpang Bum,Q7418087,1655.0,2692.0,26.48333333,95.85
Kula Kangri,Q866771,1654.0,7538.0,28.226666666,90.616388888
Alvand,Q2302910,1654.0,3580.0,34.664166666,48.486666666
Cerro Paniri,Q4180439,1653.0,5946.0,-22.059166666,-68.228333333
Sharktooth Mountain,Q7489871,1653.0,2668.0,58.5875,-127.962222222
Tower Mountain,Q14685127,1652.0,13558.0,37.8572,-107.623
Peak Ozodi,Q545239,1650.0,7105.0,39.055855,72.011744
Mount Ballyhoo,Q123524373,1650.0,1650.0,53.914166666,-166.530277777
Mount Terry Fox,Q6924087,1650.0,2650.0,52.9317,-119.235
Ukpik Peak,Q7878354,1650.0,1809.0,70.6942,-71.3417
Mount Redoubt,Q3322057,1649.0,8969.0,48.9582,-121.302
Mammoth Mountain,Q953984,1647.0,3371.0,37.6306,-119.033
Cerro El Centinela (Torreón),Q27835626,1647.0,,25.1375,-103.2304
Mount Walsh,Q3468045,1646.0,4507.0,61.0,-140.017
Phou Khe,Q6583745,1646.0,2079.0,19.32444444,101.24083333
Huandoy,Q1632785,1645.0,6395.0,-9.028611111,-77.665555555
Gothic Mountain,Q14684526,1645.0,12631.0,38.9564,-107.011
Col Nudo,Q1107329,1644.0,2472.0,46.22888889,12.40138889
Tiger Mountain,Q7801446,1644.0,3004.0,47.4881,-121.947
Pointe Percée,Q1619525,1643.0,2750.0,45.95555556,6.55611111
Bhalu Lek,Q131299040,1643.0,5425.0,28.983333333,82.4
Fortress Mountain,Q14714722,1643.0,12090.0,44.336944444,-109.798055555
Pichincha Volcano,Q742216,1642.0,4776.0,-0.177222222,-78.598888888
Mount Tianzhu,Q837965,1642.0,1760.0,30.116666666,116.083333333
Mount Bruce,Q6919883,1640.0,1640.0,-70.5333,162.5
Aýrybaba,Q794684,1639.0,3139.0,37.833333333,66.566666666
Pyramid Peak,Q7263271,1638.0,14025.0,39.0717,-106.95
Mount Discovery,Q1422550,1637.0,2681.0,-78.366666666,165.016666666
Mount Hiuchi,Q3695451,1637.0,2462.0,36.92214,138.0672
Bumhpa Bum,Q4997278,1636.0,3411.0,26.683333333,97.233333333
Nevado Queva,Q7003701,1635.0,6140.0,-24.3075,-66.733333333
Bogatyr Ridge,Q2072500,1634.0,1634.0,44.833,147.342
Daisen,Q715498,1634.0,1729.0,35.371111,133.546389
Himalchuli,Q1145646,1633.0,7893.0,28.436111111,84.639444444
Huantsán,Q529872,1633.0,6369.0,-9.515833333,-77.31
Mount Verne,Q6578613,1632.0,1632.0,-67.66666667,-67.5
Fuss Peak,Q385882,1630.0,1772.0,50.269722222,155.2475
Udina,Q2501946,1630.0,2920.0,55.758333333,160.526666666
Mount Haddington,Q3302073,1630.0,1630.0,-64.216666666,-57.633333333
Nenang,Q20656015,1630.0,6870.0,30.303303,93.651012
Mount Forbes,Q3321836,1629.0,3612.0,51.859722222,-116.931666666
Mount Ainos,Q1343616,1628.0,1628.0,38.116666666,20.666666666
Mont Panié,Q1945432,1628.0,1629.0,-20.588333333,164.770555555
Mount Judge Howay,Q6921539,1627.0,2262.0,49.5069,-122.322
Viejas Mountain,Q7928264,1627.0,4189.0,32.8612,-116.726
Möng Ling Shan,Q8536260,1625.0,2641.0,23.33333333,98.88333333
Chogolisa,Q1061065,1624.0,7668.0,35.610555555,76.574444444
Phu Xai Lai Leng,Q1766698,1623.0,2711.0,19.1975,104.181666666
Jabal al-Lawz,Q4115817,1622.0,2580.0,28.654166666,35.305833333
Pangpoche,Q19840548,1622.0,6620.0,28.6225,84.6775
Mount McClintock,Q7133081,1621.0,3490.0,-80.216666666,157.433333333
Box Elder Peak,Q49015177,1621.0,,40.489766,-111.6963678
Mentolat,Q937424,1620.0,1620.0,-44.696666666,-73.075833333
Eaglehead Mountain,Q5325332,1620.0,9140.0,48.4736,-113.605
Udren Zom,Q7877301,1620.0,7140.0,36.533333333,71.983333333
"Mount Victoria, Palawan",Q6924434,1619.0,1726.0,9.365,118.334166666
Hmuifang,Q5873696,1619.0,1619.0,23.449889939,92.757686334
Mount Shavano,Q8522694,1619.0,4338.8,38.619166666,-106.239444444
Mizri Ghar,Q6884745,1618.0,3111.0,31.340833333,70.029166666
Mount Ossa,Q747182,1617.0,1617.0,-41.871025,146.033344444
Mount Hubley,Q23016756,1617.0,8917.0,69.27638889,-143.7975
Trisul,Q1233570,1616.0,7120.0,30.312777777,79.777222222
Mount Lamborn,Q8522946,1616.0,11402.0,38.803055555,-107.522777777
Sangay volcano,Q14052,1614.0,5230.0,-2.0025,-78.340833333
Panchachuli,Q7130311,1614.0,6904.0,30.214166666,80.4275
Mount Angeles,Q6919406,1614.0,6454.0,47.9954,-123.467
Fansipan,Q123782,1613.0,3147.3,22.3033319,103.7753148
Mount Nikkō-Shirane,Q2360542,1613.0,2578.0,36.798333333,139.374166666
Tŝ’ilʔoŝ,Q6924057,1613.0,3063.0,51.3725,-123.863611111
Djebel Chélia,Q4115846,1612.0,2328.0,35.318333333,6.6375
Black Mountain,Q4921333,1612.0,5093.0,35.931,-115.044
Fengari,Q2223986,1611.0,1611.0,40.43611111,25.5875
Bakening,Q804315,1610.0,2278.0,53.905,158.066666666
Vilyuchik,Q644064,1610.0,2173.0,52.7056,158.277
Tres Vírgenes,Q2344525,1610.0,1940.0,27.4697,-112.591
Rao Co,Q7293667,1610.0,2286.0,18.15,105.58333333
Cot Seulawah Agam,Q29595,1610.0,1810.0,5.448,95.658
Acamarachi,Q337644,1608.0,6046.0,-23.295833333,-67.617222222
Mount Fryatt,Q6920830,1608.0,3361.0,52.55,-117.910277777
Mousa Ali,Q1951029,1607.0,2028.0,12.470833333,42.405
Mount Timpanogos,Q129705,1606.0,3581.0,40.390836111,-111.645944444
Sickle Moon Peak,Q7507632,1606.0,6574.0,33.6025,76.13166667
Kisimngiuqtuq Peak,Q6416730,1605.0,1905.0,70.7992,-71.6517
Risco Plateado,Q422842,1602.0,4999.0,-34.918333333,-69.994166666
Monmouth Mountain,Q655655,1602.0,3181.0,50.9925,-123.79
Tunupa volcano,Q849364,1601.0,5432.0,-19.83,-67.64
Mount Steller,Q3467894,1600.0,7454.0,58.4297,-154.391
Holston Mountain,Q8523351,1600.0,,36.433333333,-82.133333333
Burke Mountain,Q4998953,1600.0,3169.0,44.5708,-71.8932
Mount Crosson,Q14680143,1600.0,12352.0,63.0083,-151.273
Hahns Peak,Q24896107,1599.0,10843.0,40.84305556,-106.92972222
Jôf di Montasio,Q1759191,1598.0,2754.0,46.437777777,13.433333333
Bahaya,Q800233,1598.0,2084.0,11.283333333,49.766666666
Mount Brewster,Q6919848,1598.0,2025.0,-72.945,169.38083
Pik Agasis,Q8553109,1597.0,5877.0,39.01666667,71.5
La Camperona,Q15622232,1597.0,1597.0,42.85333333,-5.19333333
Tiewadian of Fenghuang Mountains,Q66667606,1597.0,2128.3,32.865388888,108.372083333
Loi Pangnao,Q6668074,1596.0,2563.0,21.30353,100.313107
Doane Peak,Q5286497,1595.0,11355.0,43.9114,-110.779
Ranger Peak,Q7292777,1595.0,11355.0,43.9286,-110.764
Cerro Cañapa,Q5064880,1595.0,5882.0,-21.45,-68.06666667
Türgen,Q7862442,1594.0,4029.0,49.6903,91.32
Tarso Toussidé,Q788723,1593.0,3315.0,21.040833333,16.473611111
Chaukhamba,Q5088154,1593.0,7138.0,30.749722222,79.291111111
Pic Toussidé,Q3540821,1593.0,3315.0,21.041111111,16.473888888
Smith Mountain,Q7545233,1593.0,5915.0,36.0181,-116.689
Loe Nekan,Q20191015,1593.0,3575.0,30.262521,67.301263
Coyote Mountain,Q5180075,1592.0,3192.0,33.3434,-116.329
Nanda Kot,Q8521296,1592.0,6861.0,30.281666666,80.068333333
Sierra del Fraile,Q27860060,1592.0,,25.89861,-100.47639
Mount Parnassus,Q105261,1590.0,2455.0,38.533,22.6167
Mount Ragang,Q1514920,1590.0,2815.0,7.694444444,124.5075
Tomasamil,Q8536398,1590.0,5890.0,-21.3,-67.9667
Cabaray,Q856875,1589.0,5869.0,-19.145833333,-68.698333333
Buyu Balease,Q14950608,1588.0,3016.0,-2.40688889,120.54211111
Kolahoi Peak,Q6427004,1585.0,5425.0,34.165833333,75.328611111
She Devil,Q21072723,1585.0,9385.89,45.324722222,-116.541111111
Shiprock,Q2208162,1583.0,2166.0,36.6875,-108.836
Turó de la Guàrdia,Q11953641,1582.4,1582.4,42.30978056,0.85822778
Mont Forel,Q947447,1581.0,3383.0,66.933333333,-36.783333333
Mount Guyot,Q1563507,1581.0,2018.0,35.705,-83.2575
Concepción,Q1067452,1579.0,1700.0,11.533333333,-85.616666666
Mölltaler Polinik,Q871838,1579.0,2784.0,46.89501,13.158238
Monkh Saridag,Q392246,1578.0,3491.0,51.7188331,100.5970552
Puy de Sancy,Q778597,1578.0,1885.0,45.528333333,2.814166666
Kezhen Peak,Q6398581,1578.0,7038.0,35.925,76.175
Cuyapaipe Mountain,Q16890776,1578.0,6387.0,32.8393,-116.401
Monte Cimone,Q1945818,1577.0,2165.0,44.193888888,10.701388888
Lenangstindane,Q18601407,1577.0,1625.0,69.72032,20.07793
Store Lenangstind,Q7619958,1576.0,1624.0,69.71,20.083611111
Cheekha Dar,Q1068860,1575.0,3611.0,36.77528,44.91861
Villarrica Volcano,Q1048225,1575.0,2850.0,-39.42,-71.939166666
Cumbal,Q2019666,1575.0,4764.0,0.955833333,-77.883333333
Vesper Peak,Q7923287,1574.0,6221.0,48.013,-121.518
Cherangany Hills,Q8526587,1572.0,3581.0,1.251655,35.450478
Mount Cronin,Q6920303,1571.0,2396.0,54.93,-126.863888888
Rugged Mountain,Q7378564,1571.0,1861.0,50.0323,-126.695
Melungtse,Q1421508,1570.0,7181.0,27.971111111,86.4375
Zimin volcano,Q1112292,1570.0,3080.0,55.860833333,160.605833333
Tödi,Q15134,1570.0,3612.0,46.811111111,8.914722222
El Cogulló,Q11918264,1569.5,1569.0,42.36372778,0.99803611
Mount Waialeale,Q1541056,1569.0,1569.0,22.073888888,-159.498611111
Peak 5859,Q108733013,1569.0,5859.0,38.267526,72.713298
Mount Goddard,Q6920932,1568.0,13564.0,37.1029149,-118.7198836
Botev Peak,Q894703,1567.0,2376.0,42.716666666,24.933333333
Tossal del Portell,Q11952860,1566.1,1566.1,42.39273889,0.91543056
Birkkarspitze,Q702352,1564.0,2749.0,47.411389,11.4375
Mali i Çikës,Q1886014,1563.0,2045.0,40.2,19.61666667
Mawhpung Bum,Q6794402,1562.0,1874.0,26.95,96.06666667
Shah Dhar,Q7461260,1562.0,7038.0,36.67166667,72.23166667
Tungurahua volcano,Q207421,1561.0,5016.0,-1.466944444,-78.441666666
Badger Mountain,Q4840850,1561.0,11295.0,39.0489,-105.513
San Gabriel Peak,Q7414208,1561.0,6164.0,34.2433,-118.098
Humbug Mountain,Q5940513,1561.0,1765.0,42.678722222,-124.436772222
Kispiox Mountain,Q6416859,1561.0,2096.0,55.398527777,-127.943444444
Iztaccihuatl,Q664059,1560.0,5230.0,19.177995,-98.64183
Mount Rumput,Q8530405,1560.0,1590.0,1.71666667,109.66666667
Johannesburg Mountain,Q6217155,1560.0,,48.4648,-121.092
Matterhorn Peak,Q3299659,1559.0,12301.0,38.093333333,-119.382777777
Arnavad Peak,Q3382284,1559.0,5992.3,38.565347,71.522537
Mount Sylvia,Q22555421,1559.0,2940.0,58.081666666,-124.468888888
Falak Sar,Q5431634,1558.0,5918.0,35.68277778,72.78527778
Mount Denison,Q3467797,1558.0,7606.0,58.417331,-154.45077896
Alturas de Nique,Q1930322,1557.0,1730.0,7.701666666,-77.7275
Crown Mountain,Q3005470,1555.0,473.0,18.35722222,-64.97472222
Sentinel Peak,Q48789953,1554.0,9634.0,36.096666,-117.077657
Ellmauer Halt,Q689038,1551.0,2344.0,47.561666666,12.302222222
Avachinsky,Q791652,1550.0,2741.0,53.255,158.832777777
Taunshits,Q2589906,1550.0,2353.0,54.533333333,159.8
Shingu Charpa,Q7497495,1550.0,5910.0,35.35388889,76.44166667
Downs Mountain,Q14714702,1549.0,13349.0,43.30995,-109.67238
Umboi Island,Q1858048,1548.0,1548.0,-5.53333333,147.8666667
Reiek,Q7310056,1548.0,1548.0,23.678,92.603
Mount Bulusan,Q473435,1547.0,1565.0,12.77,124.05
Mount Kruzenshtern,Q31243910,1547.0,1547.0,75.1757714,57.8259507
Snowyside Peak,Q7548767,1546.0,10651.0,43.9382,-114.971
Mount Temple,Q493664,1544.0,3543.0,51.350555555,-116.206666666
Seweweekspoortpiek,Q3642884,1543.0,2325.0,-33.382777777,21.358888888
Mount Kulal,Q1102979,1542.0,2380.0,2.733333333,36.916666666
Grande Tête de l'Obiou,Q1813560,1542.0,2789.0,44.775,5.83972222
Mount Lindsey,Q6921848,1542.0,14048.0,37.583611111,-105.445
Mount Bear,Q1950390,1541.0,4520.0,61.2839,-141.142
Roman-Kosh,Q2092607,1541.0,1545.0,44.612777777,34.242222222
Geladaindong Peak,Q5530346,1541.0,6621.0,33.5008,91.0517
Elivai Malai,Q5362013,1540.0,2096.95,10.94,76.6325
Mount Tsurugi,Q3695995,1540.0,1955.0,33.85361111,134.09416667
San Carlos,Q7413507,1539.0,2261.0,3.356111111,8.513055555
Chaupi Orco,Q1068427,1537.0,6044.0,-14.653333333,-69.228333333
Picó Bernat,Q11941585,1535.0,1535.0,42.04642778,0.79005278
Miravalles Volcano,Q1733093,1533.0,2028.0,10.747277777,-85.150944444
Dunn Peak massif,Q5315552,1531.0,2636.0,51.436944444,-119.954444444
Kizimen,Q760738,1530.0,2376.0,55.1325,160.319444444
Cerro El Pital,Q74214,1530.0,2730.0,14.383333333,-89.116666666
Mount Muhabura,Q543030,1530.0,4127.0,-1.383333333,29.666666666
Huangmaojian Peak,Q5925994,1530.0,1930.0,27.89,119.186388888
Mount Augusta,Q605896,1529.0,4289.0,60.305277777,-140.460277777
Mount Dana,Q6920357,1529.0,6213.0,47.7912,-123.485
Gora Bozbu-Too,Q27206552,1529.0,2875.0,41.495,71.8916
Beartown Mountain,Q4876800,1528.0,4689.0,36.9362,-81.8865
Cadillac Mountain,Q1025202,1527.0,470.0,44.352777777,-68.224444444
Tossal de Prat d'Hort,Q17483084,1526.6,1527.0,42.388,0.838761
Miller Peak,Q6859214,1526.0,2879.0,31.4094,-110.293
Valamara,Q7909224,1526.0,2373.0,40.793611111,20.465
Langtang Lirung,Q1551402,1525.0,7227.0,28.256111111,85.519444444
Split Mountain,Q4437980,1525.0,14064.0,37.020833333,-118.422222222
Mica Peak,Q28056285,1525.0,5209.0,47.573233,-117.0810287
Gasherbrum II,Q186853,1524.0,8034.0,35.7575,76.652777777
Mount Labo,Q6921746,1524.0,1544.0,14.013333333,122.7875
Two Point Mountain,Q18681199,1524.0,10124.0,43.737222222,-114.976666666
Mount Tod,Q8530967,1523.0,2155.0,50.9167,-119.941
Clark Mountain,Q14713610,1522.0,8602.0,48.05,-120.969
Hochtor,Q120493,1520.0,2369.0,47.561666666,14.632777777
Tequila Volcano,Q662022,1520.0,2920.0,20.787,-103.847
Beech Mountain,Q4879594,1520.0,5506.0,36.1839,-81.8814
Imbabura Volcano,Q1659771,1519.0,4610.0,0.2667,-78.1667
Sarektjåkkå,Q596485,1519.0,2089.0,67.431388888,17.721388888
Tianmen Mountain,Q3861073,1518.6,1519.0,29.0528,110.483
Incahuasi,Q1478849,1518.0,6621.0,-27.033333333,-68.3
Grimming,Q668410,1518.0,2351.0,47.520555555,14.016944444
Los Patos,Q2622322,1518.0,6239.0,-27.301111111,-68.808888888
Michinmahuida,Q2553917,1518.0,2404.0,-42.799166666,-72.445833333
Mount Shungol,Q16895470,1518.0,2752.0,-6.8624,146.7151
Baba Mountain,Q797539,1516.0,2601.0,40.916666666,21.166666666
Mount Morning,Q380308,1515.0,2725.0,-78.50167,163.539163
Mount Nyangani,Q152294,1515.0,2592.0,-18.311111111,32.850555555
La Tournette,Q1758703,1514.0,2350.0,45.82722222,6.28638889
Anthony Peak,Q4773258,1514.0,6958.0,39.8463,-122.965
Tajo del Almendrón,Q47546547,1514.0,1514.0,36.825555555,-3.839722222
Grand Combin,Q15126,1512.0,4309.0,45.9375,7.299166666
Loma Alto de la Bandera,Q23778944,1512.0,,18.8128,-70.6272
Mount Moco,Q1348116,1510.0,2619.0,-12.466666666,15.183333333
Mount Guna,Q3779780,1510.0,4231.0,11.7108,38.2367
Mount Woodring,Q6924655,1510.0,,43.8031,-110.794
Angna Mountain,Q4763727,1510.0,1710.0,66.5575,-62.0208
Sierra Gomas,Q27784953,1510.0,2212.0,26.30099,-100.46757
Kennedy Peak,Q6389671,1509.0,2703.0,23.3175,93.76166667
Union Peak,Q7885954,1509.0,7714.0,42.831122222,-122.223327777
Tossal de Tous,Q11952732,1508.8,1508.8,42.39398611,0.82878056
Hkusam Mountain,Q5873439,1508.0,1645.0,50.335,-125.841
Beautiful Mountain,Q4877775,1508.0,9392.0,36.488888888,-108.989166666
Gora Bakchigir,Q31474111,1508.0,5780.0,37.666306,72.708148
Monte Burney,Q2269026,1507.0,1758.0,-52.327188,-73.37081909
Mount Inamura,Q6921426,1506.0,1506.0,33.738333333,133.372222222
Mount Tai,Q216059,1505.0,1545.0,36.266666666,117.1
Mount Joffre,Q3861652,1505.0,3450.0,50.528333333,-115.206944444
Silver Run Peak,Q28056263,1505.0,12547.0,45.12106,-109.54517
Uludağ,Q925688,1504.0,2542.0,40.0705295,29.222009805
Mount Anderson,Q8523163,1504.0,4255.0,-78.15,-86.217
Gangshiqia Peak,Q28914152,1504.0,5254.0,37.69333333,101.505
Mount Kalatungan,Q1646267,1502.0,2824.0,7.955,124.8025
Zirbitzkogel,Q205579,1502.0,2396.0,47.063333333,14.567222222
Boboiob,Q31476636,1502.0,3770.0,40.848888888,70.343333333
Cima Brenta,Q221844,1501.0,3151.0,46.18,10.89916667
Piz Kesch,Q668594,1501.0,3417.7,46.621305555,9.872611111
Half Peak,Q14951223,1501.0,13848.0,37.86416667,-107.46611111
Ng'iro,Q6922403,1501.0,2848.0,2.19166667,36.81583333
Rumija,Q1785716,1500.0,1594.0,42.10286,19.19367
Nevado del Plomo,Q1982168,1500.0,6070.0,-33.103323,-70.066001
Vudor Peak,Q108732688,1500.0,6132.0,38.234334,71.801349
